,A,B,C,D,E,F,G,classLabel
p0,0.5650160937982982,-1.1926027524623914,0.15089571531790996,0.8749160634298587,2.0868913479853166,0.6979289412051201,-1.337337566557902,6
p1,1.1615977520040743,1.3912849200917266,1.5360214910595062,0.11417264079036335,-0.7141605316710415,-1.3918294154240756,-0.21646205385566794,0
p2,0.44084131861612186,1.2470961438994062,1.7995671454605755,-0.7023472175418533,0.6100486473468776,0.7549064435422581,-0.0068703150990490364,8
p3,-0.4547630292513272,-1.272156474884194,-1.2757936508404184,-0.2189695888643677,-0.012146965317483806,-0.9293453354711204,0.21331367447144484,9
p4,-0.059462044178127574,-0.10660685782517454,-0.4915119009281505,1.8501014218093796,-0.4397797379007291,-0.5051024388569102,-1.3943827232224382,2
p5,-1.2262292240175898,-0.011633165694212941,-0.4593570957910807,1.2411031727390782,0.8560030549048829,-1.3792513945090237,0.3166159935560872,5
p6,0.512883520973017,1.3028873277805335,1.6845491774198291,-0.5423416972021011,0.5899680110338078,0.8167173180403899,0.08476615416375091,8
p7,-1.001038441183494,1.408902165417327,-1.4510254398646991,-0.6171915929970454,-0.19735391422050186,1.3588216902725871,1.4739340575269222,4
p8,-0.031723037493769764,-0.0803666952970841,-0.4820769249734758,1.6554501602415783,-0.648254437827619,-0.7327760788070935,-1.4242706947266313,2
p9,1.6590165417834681,-0.9376420671752989,-0.4569922224005302,-1.5598538360024856,-1.005149607821739,-0.18527080471642868,1.1828332005026048,3
p10,-1.3265858958150876,-0.10171597251936998,-0.5364659564986598,0.8703154383196431,0.8304180288602543,-1.2384600175065847,0.4630436807252968,5
p11,-0.7183560362831628,-0.905973671527884,0.5504298600962733,-1.1118989540413242,-0.9560961307059096,0.4880165654439757,-1.3525363871660598,7
p12,0.11802324746941932,0.0243847492722046,-0.4816412748105751,1.6371630076040922,-0.31698002413813,-0.6092299565252287,-1.2662310461822306,2
p13,-1.1852646290233306,-0.17253802970024876,-0.21045170133579,1.0204951245609708,0.7143581872538348,-1.3317593803928238,0.3546554525925011,5
p14,1.048439658703759,-1.1723413708576258,0.16321940413304922,0.8830215036178898,2.010069859142065,0.6385591805998632,-1.2886751845188362,6
p15,-1.049177285824798,0.17876541518812408,0.42736790027873295,-0.10066921550699758,0.5483562180286747,1.3163633915786757,0.7042594234868491,1
p16,2.061648725567327,-0.8523894576593661,-0.209178282096008,-1.5834340936945508,-0.9554929950300068,-0.13494804732155244,1.372092003237097,3
p17,-0.5323889552369493,-1.3837172844519163,-1.2305923584087284,-0.13763630953019268,-0.31197074636588323,-1.0916505324067058,0.2999272806303148,9
p18,-1.088351254046479,0.031618785325162144,-0.4755740657742522,1.1906097238544149,0.7631239760462927,-1.4186326609925144,0.5506121851420405,5
p19,-1.4277690037389401,0.07648442785129655,-0.5593126083953229,0.9141912364154032,0.6360655758193127,-1.2284563879067043,0.4038565451088757,5
p20,-1.1014660970307601,1.357326304166442,-1.3583123606349743,-0.7568651385276786,-0.34129730379872664,1.2597877010983134,1.5179276455432908,4
p21,-0.7443590419847014,0.1525363854110571,0.04964715966319192,0.2226048070974202,0.4635548843254954,1.3771441011796948,0.7023995311488753,1
p22,-0.7184204908764419,-0.7658925121947237,0.7468697962767148,-1.08441413997812,-1.1382963058228164,0.35684497070200005,-1.3432110669799338,7
p23,-0.0023762884930230176,-0.13854834943382474,-0.6780529322220917,1.804964926767584,-0.5208269275526639,-0.4846251023543547,-1.371609455971006,2
p24,-0.8559018059118619,0.21679156481478326,0.01014054559687804,0.11747443612125208,0.19094196472024744,1.2826473263066192,0.7215407384489654,1
p25,-0.020676737312884608,-0.12629450981780452,-0.6309155574339984,1.6177107934575494,-0.4247866113422769,-0.6780115573148714,-1.1794167457730065,2
p26,-1.2543811052108025,-0.049118442899195265,-0.8122588115655291,1.2306630313711642,0.9070526371748648,-1.4135091548725485,0.39781014824822175,5
p27,-0.4841261562067857,-1.3195374455758653,-1.0718021459295364,-0.35361459732516826,-0.2059031892131537,-0.8435736619759371,0.23645001905791346,9
p28,0.615572975749794,-0.9725864165665576,-0.031008770180328188,0.8908109230363978,2.297926575818418,0.6510875265762698,-1.404247838880362,6
p29,-1.063921777691876,1.3490794119890794,-1.5560099721043303,-0.5422286912819367,-0.11289771964977408,1.3075462137129,1.2621455652732971,4
p30,-0.8338752753014826,1.5701798512844058,-1.3704291455704185,-0.4302615486574853,-0.4400638389823912,1.2282080452518462,1.2698035611208467,4
p31,-1.2466193160990875,-0.048654117373892296,-0.6175360520359037,0.8310874364325518,0.8122104645189664,-1.2842020666790372,0.20811637703055635,5
p32,1.1030822079889562,-1.0904660880500772,0.07438473004604976,1.1078836928083764,2.0996448850763163,0.6560167829240175,-1.512417216682402,6
p33,0.4731456455745121,1.2632776707843028,1.5767793661982856,-0.5297790267273237,0.4539532136822592,0.8402130608358679,0.15376752339643265,8
p34,1.134393609597342,-1.2858603324532727,0.2071648414536152,1.2306984648602444,2.4406117621469083,0.6661949250426671,-1.5104680924219342,6
p35,0.4608972486278352,1.2296758426774304,1.6545381376338586,-0.3852350517125456,0.6171544856961236,0.8149382381277307,0.2261900921199531,8
p36,-0.5786513396342502,-0.8309532886149051,0.7227061277393011,-1.145736643949374,-1.3512818260632498,0.2864072510895725,-1.0953353495447835,7
p37,0.9690136021096356,1.2384516239388548,1.6070402042317502,-0.11980380361468285,-0.7565236372667935,-1.4494430206832558,-0.27102643231382584,0
p38,0.3935993581066457,1.3726316363279238,1.6682690421745372,-0.6331929302853346,0.20002279290339384,0.8361329828951993,0.3281583138397078,8
p39,-0.6852245654718295,0.10057098586134748,0.18338615632312172,0.3257791160090298,0.2751764636736181,1.325408054398484,0.6710443531540498,1
p40,-0.7513441244104043,-0.7897582704884095,0.5927104726617775,-1.2102563211867623,-1.4362928507680033,0.692808985897201,-1.0623129989289617,7
p41,0.41221050099902173,1.268671205152727,1.559246660488945,-0.3258667361018506,0.583175172727269,0.96671194808889,-0.060436389658923284,8
p42,0.6165388843666323,1.4104029066733306,1.827350702160481,-0.5293911437976083,0.6616035967783696,1.0491839360605086,-0.008094643604233124,8
p43,-0.9333180839891412,-0.18328666289442191,-0.009470068488611249,0.15707978752123505,0.44555634871739697,1.3380808370744652,0.8342343682956279,1
p44,1.5485636624410934,-0.7447894035459873,-0.4877135213386156,-1.6995716562709031,-0.9529846998529812,-0.14151937553440386,1.4259509963424728,3
p45,0.14412129710042335,0.0034772760185815613,-0.4785716763259753,1.7575308398207103,-0.5151922281086441,-0.8010345236405234,-1.2004545594676106,2
p46,0.056033458220149865,-0.05824404619382612,-0.5322872998206729,1.9260037859340813,-0.30771559701363965,-0.9592687466637884,-1.4263466578917838,2
p47,-0.6788915796478621,-0.6895414369303048,0.5013414517626931,-1.0962008461657236,-1.2051560019113656,0.5530433305030047,-1.0481991594829825,7
p48,0.801269968044462,-1.1172629527491955,0.026378771480925187,0.922949421687836,2.270800088844542,0.5674015335555956,-1.3765865786725182,6
p49,0.6493477856976579,-1.2369487800459142,0.13681472927579855,1.0611014443541045,2.017538659117045,0.7600270107384614,-1.4704845854499335,6
p50,-1.1390868587418626,-0.1085289200846465,-0.6608737384378445,1.1649876624835829,0.6447137862984383,-1.3097041378355687,0.5077324532434799,5
p51,-0.7601248004502908,-0.6584655460366258,0.6059656638804968,-1.1615710420480598,-1.2068063715435653,0.5327904920444179,-1.2148072763017488,7
p52,-1.075530635986003,0.02992756774855767,0.023189479238693692,-0.05762786946957017,0.4327821328209334,1.3011294136577147,0.7589682679489196,1
p53,-0.6963567212894806,0.16593479284824886,0.2852934033463401,0.3588031301575341,0.4241233426027,1.1376270013294425,0.9659104176535755,1
p54,-0.8410490290916398,0.16791599947794622,0.3966825255722617,0.3421970182470413,0.12058874821124956,1.2009421417441333,0.6988475152086502,1
p55,0.435093014883872,1.2136434631417419,1.8319361999220785,-0.4172382472866923,0.4857944602269682,1.0609988506743626,-0.04197911304587572,8
p56,-0.7813089951968873,-0.7869070733603364,0.5911206638920256,-1.1227494306040522,-1.053788793904514,0.37009980696314027,-1.214118036609985,7
p57,1.1283557782695686,1.5410925989397417,1.4095375658642124,-0.19229188689996105,-0.9703363376738388,-1.4951495668669734,-0.08220683810303013,0
p58,-0.8737002547752375,-1.2497931724915914,-1.321541156017939,-0.24808647535667325,0.0685692857375917,-0.97158218868154,0.06278267651435711,9
p59,-0.044144419028931285,-0.19775234861615745,-0.4693708230614584,1.6067984042932526,-0.4117599772998327,-0.909819267281082,-1.422833097921758,2
p60,1.3298589979870927,1.5174635067871838,1.4005004705590351,0.26801211751391896,-1.0333393674805371,-1.247547652790319,-0.18735423038197335,0
p61,0.5661351231139133,1.4099062067363648,1.6571748543748546,-0.5568640093789288,0.3632118315445747,0.8510510870882277,0.2873091707235437,8
p62,-0.5894500237206176,-0.0016857804928979414,0.21510596183852745,0.20355403734835556,0.2873194516096791,1.3800404144089673,0.6962901706685796,1
p63,1.636105018554966,-0.9491631034044892,-0.4338426800720169,-1.5938289512910342,-0.915234847032428,-0.11865517309272727,1.3455226665022046,3
p64,-1.0801180941336246,1.4196372986867682,-1.16026843414277,-0.2964526027250615,-0.2850677168182108,1.3130983092277404,1.3661936044422798,4
p65,1.1299541063755134,1.4488159250195738,1.5458813790802213,0.1381314604869789,-0.9363623843284244,-1.4894573316612467,-0.2857210916352101,0
p66,-0.5891852996294323,-0.7096249096418557,0.7555447516776332,-1.0935701955192134,-1.4758568148212174,0.4066098664659782,-1.0736128029721317,7
p67,-0.5381097190462496,0.15161509771711462,0.1391866015929427,0.208922161878312,0.32965770537155137,1.211541848267122,0.7419054805961418,1
p68,-0.4868013095310453,-1.3085987817794824,-1.2831796244895162,-0.25221290144218755,-0.01711589426687119,-0.5625818905439108,0.21443452597656096,9
p69,-1.057871928634548,0.18887993253811647,0.05131664950260388,0.2422539628306691,0.5743176148566875,1.5048551702785524,0.6598164293134191,1
p70,2.047716829171124,-1.0391503682601333,-0.2913350935503697,-1.736208775219616,-0.8473659898814043,0.060853390717829726,1.301366967774936,3
p71,1.7970986754845932,-0.7450080525182414,-0.5168337894135041,-1.4402888367848017,-0.8768892826469934,0.16198735705335435,1.409862722165521,3
p72,-0.5566397816638845,0.17116715841461633,0.24362895377048466,0.08301399589766216,0.4158237313427017,1.2082839829074659,0.8756385461296339,1
p73,-1.3577851086249972,0.11045849099674028,-0.6702662533404364,1.0540885636061397,0.7630914698456881,-1.305642036720552,0.5648396216470183,5
p74,-0.7079964738330301,-1.1360855088007396,-1.3303789427199793,-0.21157097549299908,0.06512776044944121,-0.9063760143521904,0.11968322760590737,9
p75,1.5146870700991877,-0.9076552477322444,-0.3343876819341053,-1.7638536086938217,-0.9145591937442592,-0.18588569421958126,1.2864811396085964,3
p76,0.5347817804357747,1.2387499776765312,1.6407332761320526,-0.3627986212539429,0.5080772954799941,0.8913236131107306,0.034249810215972856,8
p77,0.9048458749502529,1.344871005303064,1.5086170809779849,0.030580406661621207,-0.9194269819044268,-1.2993223758613646,-0.06871519224285977,0
p78,-0.7529565349714732,0.18532956494699387,0.11127461408715496,0.22342973951542253,0.11440016247545252,1.1434605472579056,0.7345691276631215,1
p79,-0.21716290268974767,-1.2542861891984909,-1.2730684526475784,-0.2177827380696752,0.39636309019348426,-0.7443631923354804,0.08182802158595358,9
p80,1.82832036114208,-0.7418811289737517,-0.1845835284799068,-1.6600655004932388,-0.8766647915126509,0.12374343868603352,1.2911220304925102,3
p81,0.981148003619701,-1.207082231353504,-0.029353894004275412,1.3143951906305735,2.1511288263269037,0.4497855737427741,-1.2415595101354902,6
p82,0.8130232689329498,-1.2586243864695008,0.13613927198080167,1.0971578178147878,2.0559547819063093,0.7205247209067056,-1.3734261357120592,6
p83,-0.8448721666993027,-0.8080563016322541,0.6503937929409419,-0.9921373227471566,-1.439279382441307,0.36122474946641,-1.2431391034150272,7
p84,-0.6706064693116017,-0.6880189488719487,0.4886562229221475,-1.2826327487791809,-1.0776550110654075,0.23075926751795744,-1.3142867573675576,7
p85,0.2058584515854381,-0.4101435323049649,-0.4431824352941729,1.9752062736021267,-0.2089779336260976,-0.6345766860711811,-1.4654946555765755,2
p86,-0.18051836425373385,-1.1641706097209297,-1.2408344952310928,-0.02197688820044953,-0.11135950516044557,-0.7397792007603822,0.09444712583587192,9
p87,-1.2300467851516703,0.02060319736750753,-0.4058605828074156,0.9097567688174112,0.8330250470738062,-1.2598634733199576,0.27988240693822114,5
p88,0.5372990706784332,1.223968397379709,1.8922795116787543,-0.5377035688426571,0.4630795567605261,1.2022650133922703,-0.08432678081135615,8
p89,-1.027115498112547,1.4278124375080876,-1.4510655756098518,-0.6292200895867989,-0.1863663606464914,1.1464709613866393,1.5345499272294088,4
p90,-0.5529524467215031,-1.2442346218669436,-1.2888959610109978,-0.1294434328577455,-0.08796585602248118,-0.7008516509959452,0.08141303691780218,9
p91,1.9926561960307712,-0.8245119239599044,-0.4198833441859217,-1.6140771483089305,-1.0098823866659157,-0.3499134293480469,1.4711396323364172,3
p92,-0.8727641252770503,0.16432045611618004,0.11686694401126235,0.41297398433284266,0.5535680137157565,1.0474619971494736,0.8183433951805568,1
p93,1.2846531918113508,1.2914623274224302,1.3784351391650378,0.17708076086643856,-0.5358992031347963,-1.4328857621701525,-0.08671057926356256,0
p94,0.9078432814628684,-1.1958072105068769,0.1528249945281543,1.0077355663978027,1.9674656479576385,0.6445764460920558,-1.2981875313609137,6
p95,0.7805705242269966,-1.0799598393245082,-0.0036868386189842116,1.0295177002532792,2.43603745908315,0.6589898644266046,-1.3703220508541465,6
p96,-0.5494632267476746,-0.7748132966346712,0.6901932654930973,-0.9915868454719978,-1.1483216300679853,0.5620300060680287,-1.2908726580457397,7
p97,-1.1745580101034931,1.5940238944331868,-1.3367083935601245,-0.6442994787612469,-0.5195096289518722,1.1716994398246532,1.5320499593655812,4
p98,1.2220456759549987,1.3710726570130596,1.535186392748965,-0.11552552062881816,-0.7029342836536705,-1.5530414831635744,-0.0877594689766669,0
p99,-0.8836985441597579,0.1950351006577997,-0.021780954437378718,-0.2018626854034461,0.4858425465006744,1.076579224001278,0.7982239244115402,1
p100,1.0847181697165915,1.2460411330306431,1.4835836104855242,0.0509456858578417,-0.8438990816470993,-1.579203366872708,0.11629946190082048,0
p101,0.42421802167222256,1.2499919194852442,1.7473523147178065,-0.22220535831228608,0.4670111222982295,0.7603817227190252,0.04342700662051949,8
p102,-0.4866675619630421,-1.4055093708486688,-1.4749949956308543,-0.4542435169302289,0.09940119372627522,-0.8705608862361961,0.22335794989155566,9
p103,1.7216904248082343,-0.9195000072217177,-0.3366593529882782,-1.6824700805054051,-0.9408019849416048,-0.12982426753286566,1.251793673248693,3
p104,-0.7507028189272478,0.14355613457665542,0.2601785881168394,0.1661709779830901,0.7179377912846899,1.25651663089866,0.8137047151133558,1
p105,1.8228109626571305,-1.1396769834297014,-0.32415294831536595,-1.7016874338049457,-0.9258126829146418,-0.09423699638032304,1.6067132542344182,3
p106,0.4535013048177756,1.1982080957376695,1.865228147423794,-0.7703083008987702,0.5282681731870368,1.1752898436286363,0.11888519617923406,8
p107,-0.5309434525419391,-0.6897452038770902,0.6746297864137961,-1.054217326093228,-1.5577852594098347,0.6210666762372022,-1.1938762751576233,7
p108,1.3212939388355311,1.4005552239419006,1.4097857987047515,0.23135047229409805,-0.7669147038419382,-1.58241356801333,-0.323753331198487,0
p109,-0.6396912373219571,-1.133146324340592,-1.3996926107352472,-0.3183876012499792,-0.17712226980073453,-1.0210465402918842,-0.03488680846967713,9
p110,1.0987188487108417,1.3214694232110364,1.3245761727054912,-0.233862141674974,-0.7540118624828698,-1.2928176595273395,-0.13489988940354766,0
p111,0.7269419546214981,1.3891530554643443,1.8544603483269115,-0.4935408590026125,0.4276615410937905,0.8749555951783969,-0.03868615645473646,8
p112,1.8494988806574613,-0.972973136494138,-0.4899427152046413,-1.7379880309530242,-0.8733224402148254,-0.20987746364464493,1.4371376044224118,3
p113,-1.1140614595495528,-0.09746412621526948,-0.7232010622023364,1.0919568745512762,0.7221887466872775,-1.2111535223238126,0.3593832587569056,5
p114,-1.1932753187848613,-0.09753518835939944,-0.6390404895705075,0.9250946769491772,0.8543306612602125,-1.2050707976868305,0.5513572686332626,5
p115,0.5644895941782897,1.2196491477641522,1.8037080170563744,-0.6701912988989337,0.6175858975790444,0.9070641123526052,0.12114962195778133,8
p116,0.4845044290916241,1.3694127134363434,1.7230531125428883,-0.6722396177443553,0.8377847308613029,1.1012562936228512,0.005350039497285536,8
p117,-1.1321534954936447,1.5069289609444698,-1.3674561739464954,-0.6771347606176502,-0.5147084187703024,1.1663652292685929,1.382595778233246,4
p118,-1.221509332574076,-0.21159905914514335,-0.4145942948300694,1.1584108465835472,0.8497237182247084,-1.0555678397375492,0.5233372952539191,5
p119,1.1225862250850158,-1.04105078490942,0.06460146017328611,1.0872328371439506,2.383615164327026,0.5591935117324707,-1.4277824351491974,6
p120,-1.0251829366319951,-0.6910233324375742,0.7055763507284829,-1.2326250304258162,-1.1603641743917534,0.5361309907725965,-1.178409135101531,7
p121,-0.6577235039343016,-0.7871135034636345,0.5944298981086479,-0.911113742593034,-1.4449361620722356,0.4251049606851149,-1.469005287465245,7
p122,-1.3140352620314648,0.0687908842180966,-0.5312589758051406,0.8926769043862335,0.6892434769485515,-1.2986806513906308,0.42194781960672895,5
p123,1.5621636462327442,-0.9417409370057072,-0.12451723716073332,-1.433314868259299,-0.7239440384057039,-0.2801519778075754,1.3973695414626233,3
p124,0.9970551672499736,1.079948238373478,1.6220119503917043,-0.551420642839523,0.44106392507018394,0.9473172856787394,0.045450813096194594,8
p125,-0.4509194940955431,-0.7611744385152571,0.7200314332348794,-1.3523272157555946,-1.2751160328242392,0.30039892925372746,-1.0920554998044556,7
p126,-0.9178006860306256,-0.6913118576053303,0.6653351526992319,-0.9431447403008844,-1.2799373728810333,0.4567343062480705,-1.056697119770738,7
p127,0.7986468468468997,1.3109972678067447,1.6238799442617082,-0.3851279153215752,0.5718457227895853,1.062328151927803,0.06312169216636432,8
p128,0.7960643883203182,-1.045397145127468,0.12960312456880735,0.9994136602877286,2.0937078686349024,0.6376132917476782,-1.2563107861210707,6
p129,0.6564837865936899,-1.2297298184539167,-0.0026811957763454523,1.3216323715423683,2.2422993163310445,0.7519234387221229,-1.5618605111099952,6
p130,0.5466272357223347,1.1495985386053214,1.6473087276523877,-0.6952112117552615,0.6010368382040118,1.0752925372786943,-0.06990949553543384,8
p131,0.907027281724282,-1.1438586942173192,0.2387664271532915,0.8584856314349483,2.556654398161585,0.5894547787496275,-1.552781604188503,6
p132,1.503073212247945,1.4272276040053633,1.5888567487945278,0.0404430377933306,-0.8676942494972819,-1.5419688156696838,-0.3691996930897524,0
p133,1.8096417360427488,-1.0060909935529379,-0.3267881677460523,-1.6317145494744798,-1.0143629585053924,-0.09039531503930018,1.182095850500647,3
p134,0.1286269346679875,-0.12982344784370822,-0.5705312223513597,1.6414795400160498,-0.688382527390077,-0.7519575937504669,-1.1762090228320363,2
p135,-1.077642910249364,1.4889223312009752,-1.3827077549800628,-0.5999162771046345,-0.3138468236237124,1.2530503784470417,1.6542991126781226,4
p136,2.0046136875249663,-1.0707966978945895,-0.4197652061353784,-1.3915902075376592,-0.7065710787287602,0.23924510642250585,1.4720061842663368,3
p137,0.8843628502242478,-1.1988536548943924,0.10304146665192217,1.0197572065269245,2.071821917882714,0.4413900818236781,-1.5095592023967532,6
p138,0.7743927070926465,1.0295915055704237,1.850343387054873,-0.8041543557494719,0.6660526662110864,1.1335993990910913,0.04592957536503363,8
p139,1.0114111719894383,-0.9769459208927166,-0.015926012470470662,1.0139712609450864,2.192043402852434,0.3570695918748483,-1.1593193518138891,6
p140,-1.1653271499165965,-0.2216521338271976,-0.659829484035619,0.9059905926914824,0.6592377795025611,-1.359467049527731,0.5317202067909255,5
p141,-0.7354692663109131,-1.2491089575588463,-1.1439283290607485,-0.2265945377432634,0.0682693040243209,-0.8043743233252609,0.2160781541743107,9
p142,0.3118485724076817,1.214912552069876,1.6422355032038265,-0.7060147719921231,0.8253211329245547,1.052190736388904,0.21110014942704186,8
p143,1.7958762463727331,-0.8334380688479816,-0.4623172861477024,-1.4144678443849432,-1.0001589890722316,-0.18282962916387765,1.305923959175757,3
p144,0.9982467000046772,-1.2468828844186377,-0.07918544134622367,1.1103008067514075,2.4703481683450668,0.6471964330156079,-1.4782288414610152,6
p145,0.9613255491875587,-0.9940786569656198,0.0874635348413615,1.1079480786838458,2.4382493908842298,0.4065841134951089,-1.37413496920418,6
p146,-0.7092449345832272,0.06888233600416241,0.06181568889370857,0.1507603450406033,0.556617523398725,1.1443131339047377,0.7605925019618921,1
p147,0.05561086832712075,-0.002596370884432092,-0.4761479766338097,1.7417472615350311,-0.4671155970889821,-0.8361874132110464,-1.2341044566037422,2
p148,0.8539358988839048,-1.0299060342319986,-0.015864004227409922,1.0178053107886105,2.000319100210488,0.4119587256758818,-1.5752968638571745,6
p149,0.5436911354041205,1.2832641635322597,1.634462760392816,-0.5840534370529271,0.7769909161016866,0.9484007296345008,0.06920665765252641,8
p150,0.9209828597113258,-1.0601349555776982,0.012654232583305105,1.0477992470990365,2.3023050693084626,0.5663401763468445,-1.5548560237918232,6
p151,-1.3617295758162955,1.438452964616342,-1.5122581446630523,-0.4293603841992798,-0.2989265818264881,1.4080847696982453,1.314748435670308,4
p152,0.10172441816559877,-0.2898860316556368,-0.448847475221874,1.7880991049496782,-0.3229378600929881,-0.7978491340450449,-1.2806812905055125,2
p153,1.4691424444227592,-0.8780994815362597,-0.3477295977821921,-1.7914665824516114,-1.2127746867620068,-0.0017760584895244469,1.1552802563699591,3
p154,-0.14477013784963833,0.10732074263650793,-0.4720077280837458,1.7772384063817317,-0.4716680805787799,-0.5892394730921485,-1.3574798204690632,2
p155,-1.2276465038446769,1.3546166739509948,-1.5878681332483866,-0.5380801962847351,-0.31648866093380434,1.3008191364163588,1.5332127065861856,4
p156,-0.4871104828498785,-1.2280856428562519,-1.1961767589059382,-0.3842809163137294,-0.28838330585753474,-0.7180094028780895,0.02245309413730941,9
p157,1.2242691107170711,1.614039992612366,1.4689701557870587,0.05618088027942336,-0.7979813305857375,-1.4724958730160222,-0.16777888875717228,0
p158,-0.4942669791259899,-1.1384783303696142,-1.3529963784590615,-0.26588544966007865,-0.029013906397364963,-0.9903657697853184,0.150602087131207,9
p159,0.06777010646882717,-0.17108197814312506,-0.5519158772896533,1.6086699552307866,-0.5557546980119461,-0.6737401674799777,-1.2714662328022233,2
p160,0.8160850666951216,-1.0706528817058072,0.14249551360897636,0.7523108476694393,2.3936897947807645,0.4720776906210292,-1.2844877463380129,6
p161,-1.4006738528158085,-0.2435491985543613,-0.6805927121987669,1.27291294602665,0.6266406738168969,-1.3885059347261477,0.3585251927618404,5
p162,1.0635843691804732,-1.0345021903242198,0.08493205219115092,1.2852514057198576,2.2783579995136214,0.660902126317466,-1.3628656973607505,6
p163,-1.1851500000739976,-0.09500221861413274,-0.5634012422873089,1.2387623281208606,0.8710564548554032,-1.4447062301109943,0.43027220331707594,5
p164,1.420581553769847,1.2446176210265791,1.4936048695280482,0.2554488217292872,-1.044295409758557,-1.2606943667939503,-0.30135398463477125,0
p165,1.234766021475871,1.3762161345906447,1.5329012659546513,0.12984219509013856,-0.8184967550304403,-1.6687630350209084,-0.15960175037722393,0
p166,-0.4575041029963011,-0.8205263239128212,0.6788210797141953,-1.0314952537620408,-1.2414726136156646,0.515072041658542,-1.3441151419935098,7
p167,0.5286626810842143,-1.201262423559184,-0.0706525746349566,0.9523492822645157,2.3625734537395706,0.37709743827105263,-1.3679653049249492,6
p168,-1.2089940621823776,-0.0770971665358159,-0.5234658425955361,1.2693842599229699,0.9489605345170784,-1.378058895464843,0.4874406683022942,5
p169,-1.07395694274573,1.6051854786506308,-1.5198799919488086,-0.7563023478903965,-0.14837807682546592,1.2930526267153144,1.5532308549787786,4
p170,0.07399587484869127,0.035341009495269936,-0.4949640055964306,1.9254245111105288,-0.4242824992100118,-0.6833214175272649,-1.5097392784739376,2
p171,0.7240199550014013,-0.9704647226243066,0.016342022601385578,1.093069134188954,2.147614523129925,0.5927875973606358,-1.3548857601285034,6
p172,0.6626784703789856,1.3256306961421291,1.632433411377109,-0.6310347834683994,0.5842953044925386,0.6955600339312649,-0.010155114332754057,8
p173,0.4810528034853636,1.169493787229064,1.6524547424633025,-0.30858440719334185,0.8137308305202426,0.9593558368598344,0.1113675815974468,8
p174,-0.850134105694354,-1.3744848200829678,-1.3038548916277886,-0.15824516411371795,-0.04249568318263892,-1.0155793525153458,0.1431335002273833,9
p175,-0.704198855510678,-0.6653268192006249,0.6894940419112645,-1.1837142143205084,-1.3057490379276928,0.5568982020509403,-1.1013150777830985,7
p176,1.6983250265221073,-0.8406532780085852,-0.3613505559713341,-1.5851795504956545,-0.8524578673876835,-0.03597182641136406,1.3223639324252014,3
p177,-1.1905232638685144,-0.3198099298645068,-0.6397811267084298,1.2063882579628848,0.7266865981524753,-1.0945719073631086,0.5274870352038896,5
p178,-1.0423517916172378,-0.07558688680647818,-0.5847699256566602,1.0146531923973967,0.8198480243810877,-1.3889593790160495,0.3554590132449745,5
p179,-1.1069787330407217,0.10635112158209972,0.4225296534150748,0.3900263227026331,0.37994361162663387,1.2049361265304592,0.8404423691271965,1
p180,0.751236137379072,1.2520065085302374,1.7666549753513552,-0.5750270264267235,0.6988355255402051,0.3765977647567429,0.14458596271423949,8
p181,-1.2893001885678999,-0.06683750765115386,-0.37534011398319417,0.9763012228564678,0.8677340648227927,-1.2884862385072475,0.2801120771105776,5
p182,-1.2272490323741194,0.2993566201731375,0.0724310677005118,0.05891272125836396,0.3896845291684125,1.1919010400660883,0.6536033323194248,1
p183,1.1844462127675557,1.2890485476357,1.4292953434910143,0.09034575619635893,-1.266843572821808,-1.4995159842491133,-0.16490647171389256,0
p184,-1.3228144609962165,-0.016101327696726408,-0.6713964304340495,1.051634392184443,0.848625242587654,-1.2847454709628277,0.3265333366778493,5
p185,-0.5471671887689006,-1.1551404142000798,-1.1885826052835191,-0.29769242638511123,0.03885789038045394,-0.8390228644161809,0.17050420970086266,9
p186,-0.6440795489425492,-0.7175715984819971,0.7320975135497259,-1.0162116025815544,-0.9190257515132562,0.4367342120452007,-1.311541237285742,7
p187,-1.0058510222896653,-0.10984163588430344,-0.6689440984400556,1.1502387100786498,0.7687402400741219,-1.2914433601774689,0.2395912322341494,5
p188,-0.9193950375908996,0.23954780477906026,0.2504866442661313,0.12319791505734867,0.8021276478595485,1.2558489183675845,0.7865861299542699,1
p189,2.1662441670554338,-0.9267790960176966,-0.4627578419475925,-1.8052611386614483,-1.066725156672384,-0.1592177976385985,1.2517933994971642,3
p190,-0.5705246687656269,-1.2125571090760374,-1.366701654246786,-0.2379877642008535,0.0666653550075093,-0.8069513055621022,0.16505347989755118,9
p191,1.4448579798401064,-0.8924816941267674,-0.36145201763195417,-1.7570213116354263,-0.8680717152260149,-0.027750910804965955,1.2512220395510665,3
p192,1.2339854461905997,1.2667151419770926,1.4853605080238446,0.2628753026786204,-0.9009103488316416,-1.6394098294804316,-0.21781855506889114,0
p193,-0.4755916401824774,-1.1560461002159657,-1.2015930773588437,-0.33688181801050626,-0.3400315714865125,-1.028502762138921,0.08789101600660418,9
p194,0.6117567935380224,1.3212967174143233,1.9573164827763865,-0.6202191446517807,0.5341279039476405,0.8940079218183811,0.06586429183140101,8
p195,1.2672863392374107,1.330896560013018,1.4115279738960922,0.18177232574283347,-0.8406356768225766,-1.6417634147308235,-0.16472699596402665,0
p196,-0.9262248227474104,0.19170313996905208,-0.0494974796484654,0.2493212461540265,0.5944546475559904,1.3928998966454746,0.804459815091351,1
p197,1.8193084739649887,-0.912879565019886,-0.3932765498000653,-1.6059113676853485,-1.1610558520757943,-0.05398713132652691,1.2915843850599609,3
p198,-0.7117210080494637,-0.8608515862745741,0.5573026880226799,-1.0494301921003335,-1.1801425598737807,0.3952912480559178,-1.2182229844505688,7
p199,-1.1471527565629045,1.4582952000047538,-1.2910383413416382,-0.5692683676110539,-0.4295395128947082,1.366964960097231,1.6138061245007007,4
p200,0.1687815655423399,-0.10423658955967456,-0.4812520680596212,1.6073140315835162,-0.27823328074192577,-0.8713340125531711,-1.3312195997104972,2
p201,-0.6311707600858987,-0.6627485866500807,0.617964170652523,-1.0047398818837394,-1.0722752519753531,0.3699670425455162,-1.3304592921418448,7
p202,1.1472532060352678,1.5636088299145392,1.4327397236153132,0.1053356604566817,-0.7624775566057191,-1.5028524088577953,-0.42792751416199615,0
p203,0.9253434090629514,1.3332444614891927,1.6283726049605778,0.14147035948488534,-1.051271318222231,-1.3805259758512511,0.08710315320920843,0
p204,-1.5468102540383697,-0.16620460768041218,-0.4125923757440539,1.0436714772208338,0.8316297271920334,-1.642696502014338,0.3817502084216026,5
p205,-1.21010828513599,1.3501099156344172,-1.3916196338930649,-0.8145508938033417,-0.1908248420926648,1.3744061856301566,1.7327136342785092,4
p206,-0.7098789404854026,-1.2689565861362841,-1.2240055620639283,-0.2432275930906168,0.06772040007302696,-0.7808032443709023,0.3465405104192001,9
p207,1.6022677041247229,-0.7105336707687648,-0.4187419856733252,-1.7424104154923197,-0.9326048772330444,-0.22733228442640546,1.2380912085292157,3
p208,1.8330488633218915,-0.9721212220403186,-0.4352037168523859,-1.6765051075604418,-1.0316684083092933,-0.06527139171102432,1.367487776447486,3
p209,-1.3428471178194237,1.4670407826748608,-1.278356759783507,-0.4552333444760139,-0.3556471112337494,1.2841663509097236,1.5222469994135637,4
p210,0.8703861169338113,-1.1307532394596982,-0.2837360843563082,0.954464625718532,2.187118340151876,0.5464994652892133,-1.3030565418190336,6
p211,-1.2007280983527175,1.4474093443395069,-1.284206977639421,-0.726947709616125,-0.2537284625048269,1.2198576447320897,1.1924295213926297,4
p212,-0.7396885498080235,0.10513412230651632,-0.09259081694186913,0.2748061383451784,0.553429231373739,1.4101542798870257,0.8668495814293262,1
p213,1.434676264979249,-0.9238935726131784,-0.38367865878976704,-1.623595901370126,-0.7008197816578622,-0.12641986672736902,1.4863687722808017,3
p214,-0.5557421546885905,-1.2488630813027508,-1.2553311164451395,-0.17874098761406818,-0.27637251347399205,-0.972710236317992,0.18280813469484744,9
p215,-1.2899587054076749,-0.024980311673804247,-0.614794401372639,1.1285230398632309,0.757966182944407,-1.5801539067609158,0.39911562396532496,5
p216,-1.2422729450444436,1.395945510790068,-1.3081997308516722,-0.6972189402546337,-0.1558443458466019,1.4788924281039864,1.4995042420564324,4
p217,-1.1052203582341855,1.3707949579434169,-1.4538360595656592,-0.6542518730478833,-0.2560338439393935,1.4460619634320782,1.6180440646562302,4
p218,0.03181971759165713,-0.2357305941381221,-0.4766542009537546,1.9269945358266691,-0.5865788713273752,-0.9077305977919696,-1.2429630272875276,2
p219,1.1382040688080326,1.369894183163288,1.6195617157571454,-0.09132483574021323,-1.0210252510899172,-1.3379378643734128,0.12139579898734845,0
p220,-0.6278380892483602,0.05491916831853911,0.17849560867332764,0.12367421202967585,0.2965459814662815,1.1881755652687074,0.6698517591629529,1
p221,-1.2001395242538266,1.2228559771818512,-1.3358571660744027,-0.6730660024378087,-0.3044089353896374,1.205852394230533,1.391005342557325,4
p222,0.7979188512760754,-1.2613536478128695,-0.02274226368051896,1.0926605765561035,2.2370981024701373,0.6655104770622812,-1.3342156467460538,6
p223,1.0946566302849878,-1.2908097085630097,0.12339931493834272,1.21431783295215,2.241254781178124,0.7012240424306598,-1.4833781185101838,6
p224,0.060589281917494235,-0.08379102266179562,-0.6639574607707089,1.6576770791093158,-0.6815736700030604,-0.6844241140286418,-1.3244205893559018,2
p225,-1.1938813835251234,-0.3440076855692145,-0.5766165734556128,1.0219707006036038,0.6385293572505812,-1.3049761492472454,0.24986808681087874,5
p226,-0.4296771563057721,-1.3411080512818054,-1.1123597706838058,-0.3501929741757145,-0.1684305788973486,-0.7443647383763837,0.39514155136565,9
p227,0.5772463895166101,1.2666171545093945,1.7452329940261926,-0.6076097874665769,0.04716560537515881,0.8959435265840233,-0.02831522883041081,8
p228,0.5812894456263532,1.4090047198100777,1.8702802825539264,-0.5619606568183546,0.612080942249599,0.7360894405688143,-0.01582746830394973,8
p229,-0.6811347494663383,-0.7496988227385621,0.6374095133049661,-1.217334634571464,-1.2734651478421697,0.4705275099538525,-1.1656965081957456,7
p230,-0.8797751284564979,0.0657491373753063,0.19744310356373845,0.14057197393279627,0.5350941444271137,1.256822709864576,0.7646646832929909,1
p231,0.7961889841287952,1.2597148486587124,1.8272761805836488,-0.2609423952672099,0.6716852395601981,0.9586088037791474,0.2296052785146493,8
p232,1.8606655888570085,-0.838564128779451,-0.4695923499835946,-1.4078135945226844,-1.132558271185022,-0.3602945961071991,1.3329766410045965,3
p233,0.9497214117097782,-1.2188330478714295,0.05871479311054505,1.177487050106017,2.168618917242057,0.6658204238326532,-1.5546932909856022,6
p234,0.19620826812238604,-0.2236491082961904,-0.6167676029092312,1.5890188702076384,-0.3485831740745959,-0.5545118357107555,-1.3430565645799395,2
p235,0.14750452737018202,0.016953174920624356,-0.5748932075572474,1.5236589734882433,-0.5854138899881247,-0.8696627447002183,-1.3711707263718609,2
p236,-0.5362451622855383,-0.9022922855110296,0.6814875191758557,-1.2362715268299638,-1.4175399554658852,0.46664046371027396,-1.1153529138573546,7
p237,-1.0572660454029923,1.3955314103290055,-1.0892432530691605,-0.5131873149025212,-0.16565134697249628,1.1820859785167912,1.3108953047589995,4
p238,-0.8330896216366629,0.21571152891306594,0.29100947276991385,0.3583375245561473,0.3251795349240462,1.2801194776537008,0.8284246930196777,1
p239,-0.7641291724418922,0.09916030100725697,0.2381660625683593,0.029702160812505075,0.4234199863040712,1.1518918941130576,0.5900753995594507,1
p240,1.0342203217766304,-1.322275189472432,-0.0858213873150438,1.0307005973789392,2.147247987212467,0.4582000779017288,-1.5041444034375178,6
p241,1.1034221332951342,1.3963806541327295,1.5782198401988623,0.2078914438521924,-0.9836894166639758,-1.476737048420946,-0.2471901045407657,0
p242,1.1329726479133075,-1.1855028513730037,0.06157678994850935,0.930953622058285,2.035042976218104,0.7137016623552138,-1.5165353131835468,6
p243,-0.6054988891315013,-1.2637090592604046,-1.4190658192977148,-0.4255584679186423,-0.2207150112910515,-1.0253160680834483,0.1508239366553788,9
p244,0.10374042595177324,-0.09840961419030056,-0.5831342250922041,1.4958744353757023,-0.4208837035441044,-0.6291411881954382,-1.3884755610595692,2
p245,0.1546503570890486,-0.23477230489567955,-0.6895210526167371,1.8669286901248288,-0.6386075759187153,-0.7969242783965503,-1.4575990148401177,2
p246,1.4634013625763458,-1.0053190181520133,-0.1992647195550261,-1.5546510289840392,-0.9609477861782482,0.1184383525808156,1.252721135497282,3
p247,0.9870902258652748,1.3754026501733712,1.5794489149204949,0.2407491565413961,-0.8791388748865446,-1.3893692365813852,-0.283497318897326,0
p248,1.6678775531537142,-0.9469233569260526,-0.4591117056207826,-1.6562491881568435,-0.8187371300041679,0.25395883172148226,1.2334431275892432,3
p249,1.943075643270798,-0.903058943107196,-0.43648761746054987,-1.7243970661005368,-1.0892149001040776,0.08562451885025707,1.2821666452409308,3
p250,-1.1996892410787543,0.036785001494042936,-0.6993491374861592,1.103158529066378,0.927202198624784,-1.0882943573657162,0.3761583566015654,5
p251,-1.1917191915977388,1.4776731018792604,-1.3769237351715138,-0.7832932313645506,-0.5118972305899819,1.1783135046156576,1.5925931315262782,4
p252,-0.4747488648820202,-0.6245015788212174,0.8302480490774529,-1.243198273358208,-1.4014115717825208,0.4127381874453696,-1.3728409233511958,7
p253,-0.7100810282248291,-1.1629337068524537,-1.2791150889023664,-0.20307481873408773,-0.04002108530082272,-0.7006283409527562,-0.003480772861558774,9
p254,-0.5786454289822549,-1.4506332121869745,-1.188301871877472,0.10171631623249544,0.05045472718546501,-1.247266914297937,0.2524820262086744,9
p255,0.7301694497024891,-1.3392663959776778,0.1519298122151983,0.976095533469695,2.45385611264896,0.7760495609689305,-1.4179059519992432,6
p256,-0.6141256278455539,0.2431132957706684,0.15786452325574896,0.14597665268774945,0.44645746829966093,1.378243153901712,0.6952849474218205,1
p257,0.9298383443402288,1.3580084272334907,1.420908985698429,0.06161800969213355,-1.3165531149695224,-1.5151303081405103,-0.30017426791996826,0
p258,0.6503969213289378,1.2525482460918735,1.8920685844816312,-0.4052650764754734,0.5601345962107345,0.8707281867117039,0.05734596836478821,8
p259,0.9135837061599371,-1.1884697480899655,0.3355279021528972,1.0866000240554945,2.2824344998637134,0.6934422457456662,-1.6023228472009596,6
p260,-1.0319438748268546,0.17114097690200958,0.07330005361085637,0.2954496593890301,0.3733449526037358,1.6070474529354235,0.7940350190326744,1
p261,-1.1889862834016105,1.5371655532653772,-1.2545173070860414,-0.2721972880964714,-0.05808545704218581,1.2160622155535317,1.5000552445253723,4
p262,-1.3903078913154123,-0.1809851091957052,-0.6987974674395788,1.1149275515454813,0.6475937897072609,-1.3336081105792192,0.5256833362596014,5
p263,-0.8883973720511779,1.3948548840789845,-1.397042051857361,-0.6681903721744714,-0.454725452306821,1.5731682973694077,1.5148941914316474,4
p264,-1.0023141253364878,0.2654197691849993,0.12742642648637867,0.2871174294080455,0.16576613790765538,1.1356821557594046,0.7568015460021891,1
p265,1.652953750112093,-0.8037796300381713,-0.3469105161762931,-1.8123332825514735,-0.7933312522943748,-0.13169442293918313,1.3719202127712018,3
p266,1.1726136400251923,1.2512574536566554,1.4228442320861725,-0.019744614171468253,-0.9319627645232036,-1.8293053758136428,-0.19651695223533766,0
p267,0.04342958451123219,-0.18127503769885173,-0.4351403383353033,1.694894740218419,-0.5385467301326189,-0.7815818255918247,-1.4788243425969727,2
p268,-1.1695551032270592,0.0012513296163517052,-0.5449662683666069,1.2963462934289922,0.8087738909773113,-1.3226094557579573,0.305852107895644,5
p269,0.2576432567754889,-0.13858960353458732,-0.7243962222004002,1.7296329595298532,-0.3893065846482858,-0.9097208246552752,-1.3344811691284235,2
p270,1.5099088546039836,-0.6484254474620212,-0.3492022306876204,-1.6280160440771516,-0.8501352373369947,0.17021928290859994,1.2688505293617618,3
p271,1.2224086744652949,1.3404946733129806,1.5048520496563442,0.0276300944201672,-1.0370092161864946,-1.1766352676738498,-0.2004522000064972,0
p272,-0.9389753641544509,0.14950848311223947,0.01947308580305284,0.423027526753467,0.5522301799078331,1.3615866052284327,0.90443014016399,1
p273,1.6150113970276292,-0.9953337861937176,-0.237681747695152,-1.462152133042964,-0.7944301950545752,-0.2274682948902466,1.269179383971433,3
p274,0.7972394194487922,-1.2084004867092009,0.04847912596669627,1.0988181704159294,2.466718943662546,0.7386838989873512,-1.5181356824807648,6
p275,-1.3356070732073877,0.14923910811861646,-0.6320743770039271,1.0090600046246323,0.743565940697878,-1.3795546068826388,0.5083194644688362,5
p276,-1.1037549611264323,-0.02452104782464277,-0.2492905856086121,1.198611233548498,0.6466440374299985,-1.3097918874033188,0.19786541473811872,5
p277,-0.661332490384571,0.2316431509601709,0.025108079349420425,0.3783625208782635,0.4553736197608855,1.6400204380085224,0.7853322748516185,1
p278,0.30765258184621835,-0.06870272729500305,-0.5097638255932045,1.7141670764656052,-0.2378911517256619,-0.9589962726518844,-1.410198247236882,2
p279,-0.22581978185237234,-0.06562459724828207,-0.5806003113807051,1.7145590880751895,-0.5968585077747924,-0.6175116136811648,-1.2400337204945946,2
p280,-1.0765894373150324,0.34224635430117234,0.16613982542944286,0.2504806112643852,0.2809315335957323,1.3093194733846998,0.7561063459802656,1
p281,-0.5677235469884965,0.2965833538579244,0.2636840199651227,0.36271444857310203,0.4858964949377669,1.3069482690935288,0.8291649333579829,1
p282,1.0320535932177222,1.5220440557474029,1.535982331343529,0.0004201795840129166,-0.7867919681374087,-1.4661018256233551,-0.2655090516440309,0
p283,0.6771687031984305,1.392026303247033,1.8290404278596184,-0.5579903089035356,0.5981171739057625,0.8631706800501627,0.1970842512699404,8
p284,-1.2502345044157404,1.4899864449945277,-1.3707196624114957,-0.3515855210975502,-0.1967535390788913,1.3069054950720709,1.4169481260812369,4
p285,0.1389026086292567,0.171873974841196,-0.5166298097084826,1.9423820839622468,-0.8082625882937404,-0.905544097869448,-1.283367198194876,2
p286,1.1206856892149684,-1.1979527678913915,0.07356281194915537,0.8068416576964258,2.112586016948922,0.7816549222803392,-1.2613943042045836,6
p287,0.9248352670247408,1.4149097956381638,1.6895686743117797,0.051385020850151834,-1.007705330636734,-1.350846942547263,-0.22122768865740824,0
p288,-0.564120559144126,-1.325607279345224,-1.2073363181914665,-0.40792769412105256,-0.14063995176072988,-0.9562554572995988,0.26891977379625165,9
p289,-0.6048445117853976,-1.1142782376524778,-1.2010393172390648,-0.38676645103974094,-0.1084347196664037,-1.1108577158107693,0.21481588972022836,9
p290,-0.5360916509657452,-1.2127707645591348,-1.1645933538257809,-0.491365334643488,0.1043480298919924,-1.138043927355595,0.09920167407566267,9
p291,0.10659196003372183,0.025388439534056013,-0.5663342701690828,1.5766434447493238,-0.4486019844128533,-0.8702062772207353,-1.265548675126695,2
p292,0.12511550775045438,0.03272938115239955,-0.5484277236141889,1.6875419848455018,-0.7718666668032911,-0.6681968810325041,-1.1538888225424468,2
p293,0.5373791197495158,1.2938499326129784,1.8594312354504563,-0.4914907240213421,0.6991834969389477,1.0344906592722996,-0.0045216715587859686,8
p294,0.4725282251976248,1.3915422026292683,1.8319549481286663,-0.6910011812247943,0.6970261717016981,0.9995925239467232,0.1086476991329154,8
p295,-0.9268319414163848,1.2994877094409223,-1.2459625363410034,-0.5412219337027812,-0.3194108387890199,1.2689558869973645,1.3684117634489146,4
p296,1.2182960501698288,1.4498542452322078,1.5640625394713437,-0.04193090545537912,-0.868066427558682,-1.3928002081844522,-0.2390724728392509,0
p297,-1.3137453822013885,0.07634958641665801,-0.7526153415834774,0.985683236323894,0.8480782552822504,-1.5407705497482689,0.3515879813103923,5
p298,0.3194305131033751,1.1875171579650785,1.8847588499197123,-0.4420351306520808,0.5717799130255465,0.8028262888094777,0.2364381133963468,8
p299,1.1735678436788963,1.38845025671248,1.667414824829169,-0.09795475078256817,-1.0896772800166437,-1.5708235859337525,-0.17245820965156314,0
p300,-1.2961047456772556,1.3571002047841798,-1.313251447783019,-0.6202431136076209,-0.2409268754178906,1.1658893170923517,1.412414127338281,4
p301,-1.2719275775265395,1.31730891005634,-1.473948386422218,-0.7023205160986544,-0.2689891111603749,1.0629592409946782,1.4319028185134208,4
p302,0.8211866908700164,-1.1593402066878316,-0.02911186321566392,1.0196620575108055,2.2627148799625294,0.7239369887788181,-1.3776456680160591,6
p303,-0.5571081583774042,-0.6533744493647313,0.6420533935096882,-1.1380341440771735,-1.4063073638759678,0.6012867569973898,-1.1316048615311098,7
p304,0.5548349881388771,1.2842259840164263,1.6298687137236507,-0.4665726527097727,0.7286335213774119,0.6789032948591319,0.12742058900554998,8
p305,0.2067815441920617,-0.10052312606977012,-0.5182524412182673,1.8147424816359636,-0.2084452259276132,-0.8983045472895725,-1.1314609312770807,2
p306,-1.1028800621280102,1.6696772502034336,-1.3177894344961567,-0.5297266301192743,-0.2943623126846271,1.1198112832240847,1.4159111588786084,4
p307,0.5790335857877739,1.316826790623029,1.3934112439738318,-0.3823966167473761,0.4630481550696442,0.7194180149253109,0.08723415208950601,8
p308,1.0612763697080083,1.3426408539972,1.4683949330338046,0.2923386553757012,-1.1234433732089462,-1.5230028407340288,-0.14382352202557805,0
p309,-0.9364024267313146,-0.2094665899071264,-0.6022029740869459,0.9092632765383034,0.8895797485697284,-1.3248081010037511,0.34839816270945223,5
p310,1.0981766861756943,1.3274378443386459,1.3985080892097272,0.27422516619158577,-1.0642207169721745,-1.5311633948638537,-0.10926369409168242,0
p311,-1.0708282668691114,0.16930222897043504,0.3070197844202441,0.05270344696062257,0.4048448224773206,1.4268742038038766,0.7728887291059058,1
p312,-1.1315294167389536,0.043073312190199296,0.30846703732049585,0.09177172122434736,0.5740849878801876,1.2921522593167585,0.5372869315896898,1
p313,1.3860756536461645,-1.0590681908938704,-0.3022317616509204,-1.6524368038934127,-0.9797581559212688,-0.14746483018446485,1.4064123731348732,3
p314,-1.2270035658867673,1.5338596121983088,-1.3324666003790715,-0.42554823447214857,-0.13449277537212204,1.2736867860173413,1.6132310789703832,4
p315,-1.1468938380461446,1.2913286642596906,-1.3796477752720624,-0.7824401204760709,-0.3889591855106119,1.2228434321153798,1.4592436145892798,4
p316,1.0156646517532841,1.3489570830582138,1.4862110055741469,0.17796449335627126,-0.7685928105555851,-1.438864249282654,-0.2697695580256061,0
p317,-0.34431247782082297,-1.345084835148321,-1.3733730786958964,-0.3776995505318448,-0.14067197272983206,-0.9539312144663236,0.05655160376469929,9
p318,0.5474773573790453,1.2338692591973723,1.88806425630378,-0.35039691599150685,0.4674091161452633,0.9259749702613538,0.05443387828659462,8
p319,-0.8011808297561167,-0.7392090763927485,0.8224370240315269,-1.0935647709226148,-1.3254552637646235,0.4829922148901256,-1.0663576587108892,7
p320,0.6680876956574983,1.1125357535103435,1.7591231886436491,-0.7150754545158696,0.6711922100314818,0.8114388730453159,0.17596257314422986,8
p321,-0.5647446384291438,-1.3208490438006015,-1.3786029093534171,-0.350680167597307,0.21144214282932608,-0.9734564725958712,0.2380925358672541,9
p322,1.679689659933174,-0.9376869195699332,-0.5420615351670719,-1.4223075346204408,-1.0767986548596309,0.037731792180725685,1.2790723278987128,3
p323,0.8642095338229304,-1.2367040108446037,-0.022964839984967275,1.1360191489693132,2.2908837004309333,0.7874806148484098,-1.572686515579533,6
p324,-0.6980745515547013,-0.6807555494716263,0.6825563892447604,-1.0597992219815529,-1.2755720679478235,0.3524636887086485,-1.446939078736504,7
p325,-1.1017524523213875,-1.3217860076394512,-1.1569676337000885,-0.2043699594336983,0.1130527625587756,-0.6106602203099332,0.12037541314536405,9
p326,-1.0608211318363807,1.6846707898660986,-1.3873267946305243,-0.4622907202055826,-0.39556203692520336,1.2999613684420779,1.365316244684332,4
p327,-1.2869867376887354,-0.06082427544970132,-0.7541181043272821,1.2893178703534074,0.8495666414477128,-1.1952112658502354,0.4910055182779008,5
p328,0.5897009702155378,1.4728723314315622,1.7552445971520594,-0.6334881189983248,0.4241933469934874,1.0009708379119129,0.07385146482555532,8
p329,-0.5905181835327454,-1.137949063437728,-1.437867868336708,-0.2840029030620692,-0.10581088736235383,-0.9329318553481978,0.1021484007596162,9
p330,-0.9816794676748578,1.5012203767089138,-1.1051034326964733,-0.5540592850559972,-0.4013381347510556,1.0326225434541256,1.4217097627091322,4
p331,-0.9336192676443849,0.22975262999268414,0.1765313585789467,0.1843498438053557,0.43244889413760695,1.33637767119632,0.5852131133979983,1
p332,0.8592561155750021,-1.0562918713560994,0.058482855844088334,1.1655255056154907,2.316887057252364,0.5645871843099374,-1.3211043859623983,6
p333,1.7819906446929046,-0.9486332040344558,-0.21185617676843274,-1.6073024215320375,-1.114990834752964,-0.25101244462555683,1.3321215987013555,3
p334,2.018030938975506,-0.8358671651280196,-0.5522135239527647,-1.4244899448657558,-0.9248228102490412,-0.13710774629151515,1.4058022693123533,3
p335,-0.5205414402485178,-0.9803832677640292,-1.3196075113014498,-0.13782187572020213,-0.17954837635005386,-0.9372210211969316,0.06198373055739451,9
p336,-1.3211919823687004,-0.0957088637142458,-0.3044183842073957,1.0794258146620397,0.6214707463965476,-1.4396185548993343,0.2674938014496067,5
p337,-1.0180829021071085,0.028043633154785287,0.3765023610995809,0.4149702153886476,0.43914843859376224,1.2727506081865654,0.8334920383392592,1
p338,0.6226321132991088,1.1743655158843294,1.6553886510737743,-0.5641190806567793,0.4453792164767497,0.6969300555450626,0.08351546321861003,8
p339,0.9872587893664448,-1.175235808117408,0.14870583237086804,1.0843782937449564,2.4766827168185968,0.6764082166437312,-1.3777546707283757,6
p340,-1.4353162369614765,-0.08831526673724333,-0.6441243771719329,1.0249075040108169,0.9092863989408094,-1.1086887285050595,0.4572874872190303,5
p341,1.6800484379523564,-0.8961705319626825,-0.39980829882035707,-1.693903606296319,-0.9173753801936734,-0.12237261576732872,1.1539539988567906,3
p342,1.8773779398185717,-1.068740897315794,-0.4046130100921186,-1.551522649477875,-1.1880908960728966,0.05451650855265987,1.319512911484427,3
p343,0.3870676455069906,-0.1259335851379999,-0.6405935773691186,1.719481968897374,-0.4032137446695431,-0.6731564708741666,-1.3570077564429488,2
p344,-0.6953314583052425,-0.7878997684965675,0.7514445960630293,-1.2337427960986591,-1.2914402661395004,0.5730613486723497,-1.3350975805111622,7
p345,1.6868043691094161,-0.8437163586001944,-0.2732677178593806,-1.6313718589222193,-0.8672009547861018,0.14308187194170952,1.1609792582148444,3
p346,-1.3472856883490436,-0.1874449291044999,-0.5533637457672732,1.0669672481217696,0.6252390746753396,-1.2817064433953225,0.4356201454737452,5
p347,0.09987895342713468,-0.06636491555057739,-0.25641397265548904,1.6361907044972703,-0.5744727767608072,-1.022645584718838,-1.3943010339902724,2
p348,-1.0045699390019205,-0.8352575189827834,0.7116825735668767,-0.9135418110459218,-1.2637922006224451,0.5294421970240824,-1.2334404410863806,7
p349,-0.01920696903296228,-0.06438196898654516,-0.5452304369324684,1.575614076379826,-0.3200635652379342,-0.7545929901374553,-1.3085785818287654,2
p350,-1.191807828019835,-0.2737744186376512,-0.6557758647224724,0.8517872143062546,1.1011578895841752,-1.3350790428017107,0.28914641229403165,5
p351,0.752165761931998,-1.2831137684615963,0.18904411528003906,1.2410880003503746,2.288875959631304,0.492469718036765,-1.480793131092665,6
p352,1.7628064457354249,-0.7532445681369888,-0.3924061143722173,-1.5456061121274265,-0.8565897574709354,-0.023424443845412733,1.273542322896997,3
p353,1.6421397341394028,-0.9556376873338356,-0.3387987841903115,-1.810784116563742,-0.8689161802446328,-0.2793849066382135,1.326438662328984,3
p354,-0.6711197754150834,-1.2766338001534843,-1.2425195612209357,-0.20327917199509532,-0.14799387308856846,-0.7493086156552027,0.07025198482603054,9
p355,-0.5476803070397411,-1.2534023805962364,-1.3797967970557956,-0.1953191288531321,-0.1788321945304647,-0.9779822839817418,0.06867659617402916,9
p356,1.1996161353987478,1.4280935628394091,1.4720463256835752,0.03858060284020134,-1.0980534889608569,-1.4784717436070924,-0.438330967436674,0
p357,-1.1259952205864423,1.5040653752940156,-1.3820682189635098,-0.6171396585589926,-0.12276735320711102,1.6632172647064831,1.361607448689061,4
p358,-1.0533524576601554,1.2788752835567945,-1.377572241744377,-0.5428069003992874,-0.543351090637507,1.335467200976397,1.6070268566361896,4
p359,0.2087766853387104,-0.028184724254455142,-0.5298382787212681,1.8598278546024192,-0.813747235279906,-0.8965757405939903,-1.2367943813288818,2
p360,-0.887006949310154,0.10669817065091633,0.09349310201658226,0.0895622824388423,0.34487460798458336,1.0978299797818962,0.715801292863553,1
p361,0.6644610041802461,1.4379869856580365,1.5538786710470285,-0.2483907886695014,0.469821844006991,1.0057321364698495,0.1205621529277494,8
p362,-0.7855855012304526,0.1781612587517487,0.009165744501202323,0.3118974308687774,0.6183766704180279,1.0590086179341556,0.8694118520669303,1
p363,-0.7240720264215597,-0.7798091168167779,0.589000042973827,-0.9974751421640627,-1.0584566674403213,0.3671546159478965,-1.271547641215056,7
p364,1.4528539993507283,1.4428411880228562,1.3944445640252072,-0.1351290440438081,-0.8746254210419417,-1.3530877849383207,-0.14907363645568875,0
p365,-0.8281777126748638,-0.7410393542870141,0.6576550880319523,-1.0779739458937196,-1.5334448540851526,0.5537565123301279,-1.1705962242676553,7
p366,-0.6574729895648624,0.253704931862996,0.2998577317921477,0.1465427086724109,0.26910399665849394,1.0515867039903437,0.7566480155743419,1
p367,-0.6071154895764216,-1.1989313005846356,-1.265603016239706,-0.2152339894957621,-0.03719485976526685,-0.9536730337031918,0.2748034520843464,9
p368,0.8645937394130202,1.276628714239035,1.8122430091785449,-0.6392915765131546,0.5459381424453352,0.7651830812703659,0.1544370479411354,8
p369,-0.5803929601636624,-0.785129935240604,0.6582221168223287,-1.028698327269364,-1.1325050004812145,0.522087968407414,-1.3306178860375268,7
p370,0.5617934647241947,-1.1846202821597251,0.13032135392170593,0.9361033555793191,2.205899551004995,0.5900863471140271,-1.258725212077035,6
p371,0.6662822298536129,1.275825991062155,1.7599907225859204,-0.6179666228840193,0.7515022418491467,0.8623805454301596,0.06864096356770892,8
p372,0.7660101292530621,-1.12896460317927,0.1467101980981946,1.1695816738087077,2.2614734057256642,0.5235332218293388,-1.6886356145976549,6
p373,0.06432034260830985,-0.2668622700932791,-0.3967863412580685,1.7275530246519022,-0.5654342952575349,-0.8919298536406856,-1.285244521667931,2
p374,-0.5360361892964418,-0.6100999252572887,0.8727246502970961,-1.4067848924666408,-1.2941466459778157,0.3203099499304704,-1.3484886493209678,7
p375,-1.1921328874876107,1.2956170183603948,-1.3489072822121488,-0.8311758110454699,-0.4345707247434764,1.5048739648124856,1.5661421166962508,4
p376,1.7764717857244965,-0.8660437020895215,-0.6597781494732412,-1.5394766355668337,-0.8438461238728304,-0.17635276680133674,1.2555193443113315,3
p377,-1.3872180731972876,-0.08448890220979875,-0.5805911119499445,1.1490905588474651,0.7255967014760647,-1.2757773544297364,0.17255157939843804,5
p378,-0.1049799271075598,-0.2472828062781641,-0.6906431404733275,1.683341463730877,-0.604109420817962,-0.9217137695126972,-1.2464978307561552,2
p379,-0.8036631680837261,0.13029765757826722,0.2952510637661184,-0.03614905819576236,0.43178733889038334,1.428295210445781,0.761143143883425,1
p380,-0.6534068432924244,-0.8310644262589933,0.7022247909765661,-1.0835110779776962,-1.149379892313548,0.4419573156625294,-1.2730295544300148,7
p381,-0.6203371280851061,-1.3453126119363386,-1.1976783883534023,-0.1817598060642295,-0.07246482519778302,-0.8600037781546916,0.03824298630703274,9
p382,-0.41297637097948,-1.271210268258273,-1.4012071672412871,-0.2675508409904126,-0.05080935094454,-0.9910626950989212,0.10385520537645586,9
p383,-1.2487649750533618,1.33204360507824,-1.4933928076836125,-0.4449693930304415,-0.4114621730575859,1.4104607768480222,1.5133981237181668,4
p384,-0.013459191782705457,-0.02375819715134321,-0.6476913207608038,1.7570558500008668,-0.5885630199344349,-0.6279821956675914,-1.3705589218395946,2
p385,-0.48745279812009795,-1.245209824361572,-1.1961629382629588,-0.5244109295895336,-0.1299549882274183,-0.8298995425018466,0.14529962913947514,9
p386,1.1884128046891866,1.4800453834133358,1.336047616231686,-0.0025149174755530954,-0.8495400413895521,-1.4903323697001205,0.06754731417377907,0
p387,-1.12540589066948,1.4234673842024572,-1.4754505986325153,-0.6603263967076983,-0.20209928540628186,1.266853051876941,1.3966220470990136,4
p388,-1.3561001299843989,0.04028562760649932,-0.7116714742065932,1.229641837363108,0.985564858355254,-1.496843069800751,0.3655146534883076,5
p389,-0.9042971015921024,-0.8636528923245821,0.5951059945749967,-0.9196539041542016,-1.246590944296286,0.2641474557985927,-1.1548172055403942,7
p390,-1.0949640418073456,1.335192283479372,-1.4897494932059732,-0.6965929226026268,-0.29106123709391457,1.2696109699284799,1.586736938239036,4
p391,1.6352823890373451,-0.9168704882907244,-0.5212806463991558,-1.6332613078110891,-0.9579263792718534,-0.20217756284654426,1.438789026794701,3
p392,-0.9291985074597168,-0.15654436699483812,-0.4122163961099521,0.9769491625438468,0.5746881587263414,-1.3868386948509537,0.3020468376487006,5
p393,0.08695304644480725,-0.21411895191806196,-0.5404579879978909,1.783789609768179,-0.4734137119828991,-0.6267805220805567,-1.1511867900189745,2
p394,0.09719458267458383,-0.17868068940943038,-0.4270073772729781,1.7424691526828706,-0.6218187702241996,-0.6768814217677777,-1.4389252717346557,2
p395,0.6067123933027692,1.3573023697714914,1.6403849296413997,-0.4818366073353063,0.4517964210199426,0.6406016695458847,0.19092797296542968,8
p396,0.5594615605460185,-0.2462126847451593,-0.3911379539430336,1.585784057190199,-0.5586363154518454,-0.7211525884380536,-1.513693870997869,2
p397,-0.7659151154552841,-1.3606366038886142,-1.3786940586919882,0.02049409078297396,-0.14178842512733394,-1.1277935531218082,0.05697560180945236,9
p398,-0.6122038649281191,-1.21280876444925,-1.1833403982838704,-0.32933307206662954,0.11726505027370634,-0.8502604362245403,0.2722726655943297,9
p399,-0.8122314133711731,-0.7903740707706811,0.5599605527486783,-1.1544026967591372,-1.2342834653004657,0.3782184597420016,-1.2146172392593455,7
p400,-0.09180478099134334,0.022437026961661225,-0.3091464052157041,1.75323278387536,-0.3716955065373296,-0.8108686241706233,-1.4552749753690657,2
p401,0.21651545401354896,-0.12949360496496187,-0.5844904307634492,1.792741197096435,-0.4273248450711512,-0.7066973367628667,-1.2876041748414424,2
p402,-1.2802776114750958,-0.12338745493649618,-0.6267481746014972,0.9199273199154318,0.6949561087224104,-1.2708838609430368,0.4526110572539282,5
p403,-0.6700175934380012,-0.6638974707882754,0.5461573976095487,-1.3203931812050924,-1.4054862748348154,0.4718338779263247,-1.310450839971596,7
p404,-0.8826088004001642,-1.2317829573991113,-1.165338166507749,-0.2876828911067677,-0.17696384890381792,-0.7813161727908181,0.1100211548893796,9
p405,-0.9495809456268468,1.3057721138845353,-1.2771866930428402,-0.5934154951674236,-0.2878647246511449,1.2495295171452725,1.393632586340439,4
p406,-1.1431227680926672,-0.051263104087532985,-0.3608858313318861,1.1900012008797671,0.8721032053528284,-1.1280833181904393,0.3499411056751132,5
p407,-1.2300204161005128,1.4384059171107937,-1.434096842407104,-0.7491986946363297,-0.14512068594415253,1.290269552296512,1.3797519665991067,4
p408,1.1797721731154385,1.4239615158087848,1.4705422075057828,-0.14912100597553293,-1.1003774769247303,-1.4572880412674554,-0.20293829488695514,0
p409,0.9270267382460802,-1.1773769626263193,0.12550834193242652,1.2353395541735486,2.23419543707446,0.5307653157082123,-1.3617502942472115,6
p410,-0.6289251412033462,-0.8831332629776979,0.6766753808944387,-1.0052440992904514,-1.37041785915858,0.3714078626615014,-1.1215199132652198,7
p411,-0.9344356954504858,0.1132584941585376,0.20788766622719607,0.3090825449353301,0.1470245276640207,1.4251901820609365,0.94505244887818,1
p412,0.6080723439709452,1.2900072184413431,1.6466868801679664,-0.5032776492908588,0.6586269640857358,0.9949955866574074,0.10492419328354304,8
p413,-0.8587853839956292,0.06800764090771788,-0.05694965764418946,-0.0022472217176835786,0.2184866731452236,1.2814451335555774,0.5559066047097175,1
p414,1.5957339732160345,1.362104125821805,1.5064082711971856,0.2553171598183181,-0.9070090830896056,-1.4844551443463674,-0.11209949922680124,0
p415,-0.8849472154600211,0.16126304798338215,0.27583663287831944,0.011903728848253916,0.3048713619832697,1.192844754200728,0.8364720135515016,1
p416,0.97699979851387,-1.2018182187885655,-0.07048270278822392,0.8150143690050591,2.0926234560619714,0.6662690938470103,-1.4288539562329416,6
p417,0.8564025120595867,1.3192890982195629,1.7329661740043552,-0.553880331256569,0.832879362517989,0.7199174636005649,0.0760326606484003,8
p418,0.21951542628704104,-0.16729733404449434,-0.5229662334577431,1.663939375550375,-0.4729817458777251,-0.7104141383465411,-1.489598387559324,2
p419,-0.3774311359916089,-1.0053006266536768,-1.2738285510942355,-0.4870070803403608,0.015316141762946241,-1.0545169500704494,0.25330668827051306,9
p420,0.2779265891268174,-0.03771948701496702,-0.3771234876914593,1.5785274539418193,-0.4205566031447374,-0.7037838352018321,-1.1375706217437695,2
p421,0.5182841076417682,-1.2500417966665545,0.14526664661087174,1.0943549135998922,2.1886403140770354,0.5991242577740248,-1.5416651543514504,6
p422,-0.8764363955690401,0.03806799246065559,0.27704873053304296,0.3659319994018742,0.4627701288025641,1.3454375507240153,0.8833460698259132,1
p423,-0.7759459345136499,-1.2110297338270979,-1.1670915552171115,-0.2249928772327917,-0.1836567351332064,-0.8855589245899649,0.14012596965070168,9
p424,-0.6028466712274759,0.1852936684569096,0.2214955378147998,0.2239627543827384,0.3547035463821554,1.2255722569508856,0.6187256110367315,1
p425,-0.5951805610858408,-0.7711140638295524,0.8480953070742522,-1.0322658145523167,-1.1959913456115403,0.4625189796238026,-1.3169943993369684,7
p426,0.5537506820360628,1.1761880811295364,1.7976682200505782,-0.4688445883992885,0.5082623147755453,0.7231397739177933,-0.026679696771743373,8
p427,-0.8664391854201272,0.2620872179379282,0.09756035336403622,0.11415451186684625,0.3449028504020577,1.108143633849079,0.7156470110367088,1
p428,0.17405871856275248,-0.33762759011349874,-0.3791633229159005,1.7089051177389711,-0.6105159372243406,-0.7176092151674526,-1.2760384499981865,2
p429,-1.0414984725626286,0.09666714374764176,0.09911522581567107,0.2741845837990769,0.13942216256040055,1.1490287063205835,0.8340447819042917,1
p430,1.2551169922644714,1.4996174278514345,1.3721927151283744,-0.12081535639933524,-0.9076376168858648,-1.6276086323363042,-0.20057867027731352,0
p431,1.2947275258242557,1.3917580144061008,1.2578047692992858,0.2091402020459537,-0.7570306184006853,-1.6483854585216842,-0.10916311075480488,0
p432,-1.0978403175893852,1.3699408672688989,-1.3147762613471574,-0.761528762126187,-0.4221249180113045,1.2775398715908497,1.4557403166716991,4
p433,-0.22773211963544784,-1.2038834893536292,-1.3850584814516882,-0.3815105455148437,-0.01657643065393546,-0.7938572877498338,0.2787140463107456,9
p434,1.1089543632997123,1.5209413006552592,1.2286602805620803,0.18552825592560648,-1.1097779070361613,-1.6651362295894967,-0.1564724830486901,0
p435,-1.0825660972364066,-0.1506899128844605,-0.4916475508260419,1.124484147084642,0.5891265560877504,-1.3225614613433527,0.26951649456240023,5
p436,1.4275202789121924,-0.8413785139742611,-0.6672575043947087,-1.5656869165944651,-1.1257220759066695,0.05137070290214376,1.0163423234634732,3
p437,0.974265274263503,-1.2220252741331612,0.2968414866517011,1.484165560442915,2.2990374436327072,0.6134609155105085,-1.4815591906462104,6
p438,-1.1125953462824574,1.4508682371329316,-1.3442768320475649,-0.744886291419685,-0.34875059323366026,1.134060457910002,1.4392255121902695,4
p439,1.1096025527057671,1.4327745628258146,1.3487520784108364,-0.004576651302532982,-0.815302878438351,-1.5197719611326392,-0.2529679019396502,0
p440,0.5213697215630679,1.2847344640740004,1.757454654145297,-0.3239938966838168,0.2787990840150825,0.8660248595507151,0.1559047050870758,8
p441,-0.6291552265243505,-1.1496088605546997,-1.3650086091218976,-0.23367962715118654,0.01107652719214215,-0.6702713120689938,0.07970677075131608,9
p442,-0.7844521923677126,-0.7128983359710214,0.6023094670699541,-1.3161474730554694,-1.3813844919008829,0.2370450350369845,-1.296503633375202,7
p443,-0.6034614467896352,-0.7178860624331107,0.7144141947648777,-1.160900645412584,-1.179609824723982,0.7473445237201475,-1.0772787389494003,7
p444,-0.8237289475759177,0.2066629256073816,0.21744246703128325,0.4843808642279249,0.6238057661158405,1.2838021269547988,0.7654245462228578,1
p445,0.2885258602172971,-0.10222075664276986,-0.7042455696470866,1.872838159950276,-0.40174400137878136,-0.7915512212427801,-1.2782549224133122,2
p446,1.443404757446811,1.2933803845822154,1.2526081625780108,0.0960417926448892,-0.9218834513609226,-1.6405392147042408,-0.21987740940794046,0
p447,1.397554155624105,-1.0918077435729674,-0.4524679927554725,-1.8244214120453892,-0.9691387377453472,-0.019948028052514652,1.3143637482094102,3
p448,0.8140606819758579,-1.1877800186710843,0.008176975264782694,1.0065731036965355,2.091563973959659,0.5788891099836984,-1.2071721213416549,6
p449,0.09751962672656583,-0.25233703922225104,-0.437579778822338,1.8734923835064856,-0.7230801376400453,-0.6127547835397403,-1.282652176744334,2
p450,-1.1398130010607004,0.19698871022507788,0.3334581212604485,0.15893053275163452,0.3226449424993161,1.2392583158964061,0.7184544264814943,1
p451,-0.7860216016263742,1.3808988993681997,-1.2973830906996529,-0.4200864182259449,-0.5161330099901771,1.1928860542789732,1.4702123206937558,4
p452,-0.0399525391648811,-0.013406831572225058,-0.54008505378575,1.8087445651851095,-0.5100625046364875,-0.7621105914311946,-1.3377764607132154,2
p453,-1.2276649614852553,1.5114148531588618,-1.4372237864723791,-0.7642795555043235,-0.11248168005665952,1.4596087334087915,1.5419410904603592,4
p454,1.3385936043109816,1.439512620916816,1.4817649893845457,-0.0296676179753598,-0.7993053955675742,-1.4327198752166932,-0.2687339446277334,0
p455,-0.5745714141854112,-1.095676546367423,-1.2521438243153529,-0.21335866498328385,0.029570896502605963,-0.9051440795854078,0.21497717305757288,9
p456,-0.6649469875901308,1.360956811726062,-1.2554003651537482,-0.5471893030016232,-0.3132310073213179,1.0695904817442985,1.2665323315846733,4
p457,-0.9769695273612252,1.3256853152471737,-1.3932247587059905,-0.5985767149707097,-0.3219097914153084,1.3757067014432145,1.4778255972667405,4
p458,1.7765465559707232,-0.8435670888711169,-0.3686172514070933,-1.4717262844106238,-0.7963940811296919,-0.2119357749114955,1.2807015457150528,3
p459,-0.3612661325950817,-1.1598034981867729,-1.2163663680403929,-0.19949268959006236,0.02057738516395928,-0.6308494076491663,0.2844598566623186,9
p460,-1.1896336275938564,-0.18481391305328831,-0.5477525070881054,0.8669149780450994,0.9073190862972276,-1.1321485430677785,0.26644055784577125,5
p461,1.5485177343180576,-0.920380201597093,-0.3536397851737301,-1.6673644671865888,-1.063988735531396,-0.2524306478544164,1.367064368728096,3
p462,-0.4779751517072594,-0.6285708965905511,0.8194588733036933,-0.8566922013828381,-1.4165214648905484,0.6790222656311481,-1.133774652882855,7
p463,-0.6012615414179119,-1.171855740073807,-1.321943723479401,-0.4194945900891194,-0.1678713323386168,-0.9844804877027588,0.052281936083729295,9
p464,-0.5288127515434201,-0.7819194758911112,0.6358937313586223,-1.1840647977496257,-1.3103182315896196,0.3878350048501799,-1.2893323929667222,7
p465,-1.3994504446457903,-0.14296127815495255,-0.615613347107886,1.0959760636188074,0.8910774956421949,-1.3635716736287915,0.19257203437726228,5
p466,1.157835111473487,1.500333236170644,1.4843129562826085,0.014872833698689903,-0.8112418259368819,-1.3552044362100402,-0.2605309380485611,0
p467,-1.3941292613381622,-0.1953694625857696,-0.3716609895820877,0.8748153684423142,0.6561858230633029,-1.2539119525845968,0.4434119945868433,5
p468,-0.880997319336127,-0.6936774688406936,0.7032916754481453,-0.8942580106834472,-1.5126665422918433,0.27563465246357594,-1.232323905522231,7
p469,1.1211272841923674,1.2892736801373654,1.4848614383846188,0.1026880478455327,-1.0873920420058787,-1.387575014005331,-0.016352492657822515,0
p470,-0.6810267287658566,-0.7951426963793383,0.7348501057582475,-1.184401174280018,-1.4810831707275585,0.4855557566942914,-1.3905102930322015,7
p471,-0.4785291884840538,-1.1585079209060016,-1.272518496219731,-0.19869315368623897,-0.06666586127180772,-0.7311725457171498,0.060202614573054175,9
p472,1.1486278040488005,1.5872525771221226,1.4884933752221086,0.2103093237832436,-0.8687171526971711,-1.4192478834572486,-0.14392090230103272,0
p473,0.7661441605475634,1.2927368106124386,1.7133172927907758,-0.4093920728775309,0.6144237195157348,0.8591201324423089,0.0623218319819361,8
p474,-0.10329204781370356,-0.10896358207898522,-0.5410642253786541,1.718386474687089,-0.5657895548727114,-0.9272216300312202,-1.2881973906684543,2
p475,0.07849875401528722,0.0866708666204329,-0.4204171186708079,1.6546927730824592,-0.3031161312542493,-0.6096890504126266,-1.2821142952233038,2
p476,1.8752580314710696,-0.8156484397647819,-0.3698054232700723,-1.7159060681806582,-0.7875730474625656,-0.1901433718806872,1.400613302536757,3
p477,0.9121505184116764,-1.1489617679587567,0.13077262044410512,0.5521045855847325,2.0467595337376245,0.6703688372575649,-1.430764626073623,6
p478,-1.1153606018515692,-0.17368621449497929,-0.4675625156752881,1.0625742967705578,0.7870490216506727,-1.3222166665860258,0.2389692870733204,5
p479,0.7059400931642289,-1.2742824600937466,0.24351794817116976,0.8891495546112728,2.4041530285177513,0.8076610670659528,-1.5418732732572562,6
p480,-1.0640158663638803,1.2765310389046032,-1.3013911222576915,-0.35535781264898064,-0.3400657446738503,1.2053864715827318,1.6123998549551102,4
p481,-0.6980376772075225,-0.822538025886514,0.7709684758951312,-1.059738369012342,-1.3291932019033286,0.2892446112178526,-1.0922481186971658,7
p482,1.8130607639348988,-0.7799911216169185,-0.5840563288515,-1.8725159591585792,-1.062823894749501,-0.05268040090105534,1.1159267499809111,3
p483,-1.1928658007245316,1.346688702514775,-1.5165766235249163,-0.41022286931238827,-0.110517689316958,1.2651955092271616,1.241260017527186,4
p484,1.7000694095468707,-0.9338453224231988,-0.2559367223627884,-1.7614758396696486,-1.0558848745365566,-0.05441310499846432,1.464215060085012,3
p485,-0.5018941367064228,-1.3920525610181222,-1.2983881073857253,-0.454235348778176,-0.060136615299406386,-0.541040695096887,0.06167116695219459,9
p486,-0.7641930878558203,-0.8154527264526874,0.5659032137226006,-1.0362709154079848,-1.3318662593023995,0.382868052444622,-1.1251278555116286,7
p487,-0.8030578783222097,-0.807596952096348,0.7197471101659633,-0.8266674063357303,-1.1283610704300502,0.4537660774747878,-1.2320707341607129,7
p488,1.2693881929177169,1.4964443900626825,1.6103221758393131,0.07771354230131104,-0.6204248383674662,-1.3782101265945963,-0.1874480827570217,0
p489,1.3079099749821423,1.3945473887499549,1.6559093380733707,0.26333670462040965,-1.1347290568510733,-1.4376645789899138,-0.2502850257978924,0
p490,-0.5113419651664446,-0.7499191044899757,0.6697760042936709,-1.1020661325121917,-1.2274953975875051,0.521793963071281,-1.201890245567364,7
p491,-0.9288202685751564,-0.7086197960018806,0.4634302812695612,-1.0165798753317479,-1.5654106669587962,0.361555248456116,-1.1466097718886021,7
p492,-1.3030288138354518,-0.1965950736082217,-0.6698430620347459,1.177415467242915,0.5246830900437902,-1.1519066567470992,0.3781230235227641,5
p493,-1.0408511369852884,1.512843375676782,-1.2244408649354968,-0.5307668945792928,-0.20609015204543735,1.1860992135288542,1.4945969841947722,4
p494,1.0677999750587703,1.4236345536487751,1.3316212570953596,-0.2069924364475263,-0.9869437447316136,-1.1812937932740777,-0.03201873846635034,0
p495,0.5699940360976528,1.3782160186672727,1.4465353258147204,-0.5056972057425606,0.5079432231882471,1.03735754172638,-0.035868293670084685,8
p496,1.752149326148805,-0.7913813896662252,-0.4933048908393069,-1.6199733547679516,-0.9730977396012296,-0.15523068188876166,1.1693014220742526,3
p497,-0.9790160861614357,1.4735107068214637,-1.5130173117092365,-0.6310638328819593,-0.10341011854418383,1.111043717521791,1.4637146671235055,4
p498,1.0189474540705024,-1.0405841976118435,0.16079450732892553,0.9995278291914786,2.314737328372882,0.5186744184049885,-1.2252188841331109,6
p499,-1.3050960743493798,0.03594700064683523,-0.5728020854810637,1.0235178265362497,0.7067222165172238,-1.248649816535956,0.2818367097143861,5
