occupation,monthly_income,loan_amount,credit_score,years_at_job,classLabel,id
0,3679.2230136567223,16503.755622764904,746.6122217162832,20,1,p459
1,6710.446477403537,12756.03624575848,677.3245472749446,20,1,p354
3,4879.204410157611,11033.38693883225,674.0802573510431,29,1,p731
4,5693.392467837183,16348.79720778636,646.8974011242115,24,0,p726
4,4640.413853951133,11655.582440086586,637.1964825102743,10,0,p386
4,4844.173626541116,470.3736307160616,776.4593181124618,24,1,p6
1,6043.295998822417,12210.63205551894,717.0120613466506,7,1,p934
3,3380.474432829005,16847.383602724043,813.4491850245468,9,1,p651
3,4751.145653279632,6759.138607364173,547.9191506512716,29,0,p639
3,5234.91992023161,12805.17615121345,650.3477245095951,4,1,p426
3,5796.177070637805,17614.26884319471,812.8639189419682,7,1,p547
4,5287.461486544531,3704.94320234022,693.0656455605531,13,1,p670
1,6565.499956015872,6599.197915634864,451.8779549390133,19,0,p291
3,6403.276640219233,4829.269188643134,755.3706012169207,21,1,p889
2,6877.609564305034,13324.109682902645,619.0591358567546,16,0,p758
2,4417.36024170276,20214.219540102215,505.9070890189056,24,0,p15
3,6076.923759655274,12381.108853819464,741.6494110605543,8,1,p816
0,5011.704579808946,-1958.3680473143213,691.4019198018001,1,0,p616
1,3024.999758157709,4708.510298492788,764.9871612565339,19,1,p14
4,6230.891025970384,13486.523357386775,693.6218424907728,28,1,p3
0,6313.577884070784,9301.562736105108,618.1430506317947,23,0,p147
0,5597.529343575047,20390.07193567109,811.8931479825432,25,0,p57
1,4583.279437186163,2061.054759569265,585.2724389141822,17,0,p406
2,4281.342275510681,10872.739728110271,774.8226275961482,22,1,p534
3,3829.7584863601696,4381.5907659020295,739.0923364021797,24,1,p50
2,6324.450737701727,14558.82325955155,616.9645529763524,6,0,p469
1,6272.500014021362,14578.710720263169,690.4818142350427,24,1,p722
0,4693.732936511712,15316.380103277628,711.0293490419202,28,1,p479
2,7072.875128467391,5159.453226146944,702.6307052477842,8,1,p996
3,6628.263877379311,17247.42424571631,763.8877429543655,18,1,p631
3,5584.187176933931,4240.524832504137,712.4418039582338,1,0,p872
3,5060.071710063051,7884.552230813155,721.3372603960564,19,1,p842
4,5165.503651575293,5095.004189062607,759.6150125976523,6,1,p189
1,3967.0254178071937,12253.640057651925,780.8558005623067,10,1,p719
4,5382.128088036174,13901.14733523403,615.1500722251693,25,0,p869
2,3316.043528681901,10695.911769029615,619.9637922891374,13,0,p609
4,5819.892626416325,4276.237057887433,597.6939005423119,22,0,p106
4,3344.827633300553,3370.8416135141306,774.3668682111046,12,1,p753
1,5208.033960799879,18470.151385441062,845.1667155322604,5,1,p800
0,2875.831268263896,8712.184512911832,742.8138228513832,22,0,p798
0,5156.579193216549,16602.2390522185,818.3569895502579,28,1,p257
4,2559.2287172423207,11117.99654609586,561.199375791183,22,0,p154
0,5548.294144887946,14101.79873462777,547.5305312487322,2,0,p299
2,2607.8995669911087,15858.391632881528,639.5782172869024,11,0,p655
0,3456.0177797829483,13141.657807173362,666.7525122493773,15,1,p844
4,2312.9597957773217,10550.787244596651,673.8950847169637,16,0,p228
3,3862.270431353684,10326.596697668598,645.2277109366274,29,0,p19
4,6462.510600135079,22637.53859717905,706.377022634245,13,0,p440
4,7662.444578318789,7538.685170506076,671.5694276505258,17,1,p914
2,5173.295774306955,6062.029119615814,692.3684776263976,25,1,p487
2,2478.619890177617,2179.5070563348872,510.766441347504,23,0,p308
1,3248.534675189296,13618.452580077204,784.1347952951849,16,1,p85
1,3117.695958766383,16307.612434327038,605.8036454305158,22,0,p405
1,5965.828550593406,4810.257393690589,792.5177914962704,29,1,p879
3,4182.6706770227365,9057.02758607962,609.057913413521,11,0,p657
4,7201.048994848126,15551.356485816415,747.004968065707,18,1,p708
4,5560.412367352166,11289.136734648324,879.3541028554044,17,1,p305
1,4949.096494032189,10543.18270619424,540.2693249906157,16,0,p413
1,5187.615408112731,8155.783714456152,720.0415420569823,22,1,p949
1,6156.6270978105385,1517.9503240840604,757.9648169231248,27,1,p143
3,3125.346367832253,10164.464281290971,617.4877038685822,10,0,p693
0,3221.673181137025,5873.458857393885,828.5319313583966,15,1,p986
1,4359.967945000977,14168.37582324642,729.9901446874203,14,1,p730
2,2293.92453128254,8641.728573194061,700.5487047827813,22,0,p852
3,3856.3065208282906,11399.46827840816,966.759505383918,6,1,p137
4,2975.0029234276376,11668.365620143944,710.9980948689125,18,0,p432
2,3596.5886058086626,1978.4618630833247,675.791567028809,11,1,p168
3,5858.021348727627,14590.7775432502,765.777094938567,18,1,p235
3,5136.450549346357,16596.715845746006,833.3000261566599,14,1,p496
1,6087.969848126792,16361.232559809514,583.8364932978892,23,0,p30
4,6093.182275390562,6401.5303747584885,603.0236702412581,2,0,p749
4,6348.381108246986,9092.918645609094,610.1945842594545,1,0,p885
4,6755.160778119004,8876.366157776958,641.6452457560367,19,0,p707
1,6571.291280510064,12782.816868338354,718.313386671883,23,1,p428
4,5260.234944557064,7812.793838312804,785.9679630875037,4,1,p912
3,3082.201390630731,8101.81026949507,676.0864510524023,5,1,p812
4,6188.458424271554,11698.735151570763,732.555403516417,4,1,p44
0,6802.773472168749,10472.512308722437,765.2377121532973,11,1,p105
4,3660.735641185024,6865.325047616565,652.8063252901235,25,1,p256
0,5038.391547435671,1315.8166508543818,878.4415126648754,19,1,p36
0,3639.672142366708,1919.3828546910156,601.4887165458766,7,0,p325
4,2464.4602852978906,16534.79354131838,641.7780757716648,29,0,p552
3,5046.716234557711,-336.8594571541289,617.308190708331,21,0,p857
4,2934.5601620957063,16747.48974886257,632.6729091678524,4,0,p645
2,5327.3498548675725,14222.23438738663,704.0711260240543,9,1,p32
2,6373.854787388715,14333.103367871176,582.7107541438284,8,0,p837
2,9359.336304657789,15901.042145553636,913.608551918996,11,1,p307
0,1602.4895883129134,13684.264062372107,926.750067159454,23,0,p958
1,5880.853295055982,9676.664237903966,552.4343163783758,27,0,p926
0,6774.526757891205,13030.831146217724,708.715338508913,27,1,p558
4,6221.679923921515,14985.951900233733,545.9187689412761,15,0,p546
1,8915.4115615919,8402.43667845165,735.156226652476,19,1,p114
4,5725.379616902898,8485.62576195837,757.0376397843571,14,1,p142
3,6575.006000893811,5345.318452955198,643.5497506109842,11,0,p387
0,4726.493060321619,10124.297008326032,669.3946978280544,3,1,p327
4,3706.666818386408,16701.899033124242,743.9025775627015,3,1,p261
3,5675.814489932678,5174.06468996932,679.9447886429962,12,1,p393
4,3686.5280055917774,14649.321032329144,760.8850951219623,16,1,p74
4,3763.507764051169,14649.192093258793,727.0423225325347,17,1,p89
0,8232.162707152696,16632.205746327298,743.9995647574341,2,0,p65
0,7215.077788205501,-217.7833926625208,700.5350907859773,14,1,p452
3,4867.848663486378,14441.394066088971,893.1164604551541,26,1,p2
2,4337.655729541664,7612.906399170171,646.4610934183825,24,0,p77
2,2377.0857845268097,3886.031611015264,632.1982217760287,14,0,p499
3,5676.058006342315,16933.675771064864,499.2778538172622,23,0,p703
1,5411.249850980239,13347.73597120616,714.6507319780322,12,1,p128
3,5931.060972289548,9215.365394129376,801.7325525930156,22,1,p555
1,6189.19480136416,9999.731772672516,587.9855973697561,1,0,p148
4,6183.503884763682,15019.957960752254,802.1177537926799,2,0,p603
3,6627.486818355846,9040.18854186806,812.9642823342771,19,1,p263
2,3335.5140267049646,12715.047013637726,728.1456040270507,8,1,p932
3,6521.37612122888,11065.042768340823,730.7071158541611,9,1,p735
0,7208.869806268457,-3723.195547559195,693.5855301090129,1,0,p190
1,6019.420408264918,14618.898060001258,578.146376656336,7,0,p659
0,3363.115996280788,8177.015673176484,705.7572908637202,27,1,p101
0,2683.6368209951183,16968.9073227264,716.7933735471523,16,0,p915
4,6862.770431776856,9680.53457294613,753.913073543659,7,1,p807
2,9867.978966785577,-3673.825119260237,684.3009742676923,25,1,p288
4,8581.406094159773,15316.717720407856,787.0226119513745,6,1,p939
2,4328.433563545266,4696.983552470604,608.563741042011,11,0,p571
2,6287.9510857186215,6407.207834732302,897.7016712827269,10,1,p86
2,5264.729543832509,6269.378712488802,592.7607032340268,24,0,p656
0,5087.450173140514,15770.91875114556,710.5873914376269,9,1,p335
2,8382.96930481409,11912.6118425305,772.6064748717087,18,1,p254
1,7823.440222196823,11299.42371509418,771.9141893123132,11,1,p936
2,4706.872819843493,8902.738633117782,760.139133622104,19,1,p652
0,7497.925422010066,12076.038937488687,743.4673461935159,26,1,p680
1,3611.354914764999,12113.864608016836,691.7218250431349,8,1,p890
1,4594.69110371923,11760.300554244071,440.56796358544966,27,0,p539
2,5933.309643074665,9831.424227127169,592.3280446383956,10,0,p121
1,6831.8522160537,8781.549706074127,631.7045799030121,2,0,p344
0,4977.348466708272,16822.831436239183,667.3383926238456,11,1,p162
0,4909.665373926279,6375.029016094704,731.4609508646625,2,0,p239
1,6727.74472855034,-4659.252019288673,726.9390568418593,22,1,p169
2,4698.912021870536,11338.955079738282,790.1588731759363,21,1,p10
0,5818.138579427411,8520.267097068752,792.3563200037191,18,1,p436
1,4292.221834240448,9165.255862878214,458.3338838185053,27,0,p110
4,3960.7608291936704,12832.596764999094,600.9664313243707,26,0,p34
4,5257.45888894549,-1139.1976865882807,740.6281696065731,20,1,p352
1,3706.4230327188834,13305.10899923919,543.1469328938106,21,0,p475
0,3220.532942449212,16741.83677349709,613.7575092563968,13,0,p356
2,7374.009297459461,16864.37857107434,645.9491896598366,28,0,p145
0,8898.690803219877,5860.381103742658,892.7088926217928,8,1,p123
4,7389.071789739333,2399.2731007088623,577.4780856756479,13,0,p49
2,4088.4370593497374,8697.697830210629,701.5085504913867,14,1,p839
2,5420.98034201616,8313.13921170731,564.0804172847149,26,0,p473
0,6135.005470082991,6286.649282839901,685.7363363605148,24,1,p809
1,6453.519561501037,9321.167308889482,670.2425275787674,27,1,p795
1,5929.997781592256,16678.616520048432,755.4407331989519,19,1,p111
3,5724.048200764854,13118.120717135254,730.4477652650211,8,1,p100
3,4033.783114621864,4272.399490142868,780.184862082885,29,1,p8
3,5807.190118863462,11514.82089187997,762.1814708359751,17,1,p995
0,2413.4581625824167,2799.176742089977,729.4452292339706,2,0,p818
2,6398.96227626879,12311.281919323124,638.1699106593479,3,0,p329
4,6012.765372481284,4486.199770224921,844.2539719703879,20,1,p633
2,5128.451829741694,10459.7136944109,570.5502921091411,4,0,p219
1,5930.290968348591,4334.242707247115,631.1787744004324,17,0,p875
0,2398.940962442437,3071.4647853404776,494.62765538230326,19,0,p481
0,8807.608065992821,12503.927049697348,1009.5441876163668,3,1,p78
4,2063.3101953316013,11844.743637108082,528.6165428169384,11,0,p792
3,2775.4960504616497,5335.968876527547,793.0022247707639,24,0,p526
0,7604.595189584536,15475.476749563612,856.3785227216417,9,1,p537
2,3841.084558168316,8244.569115459964,717.1606333047254,16,1,p380
1,4438.161868405377,15524.151463999173,563.7904679241296,26,0,p61
3,3299.576966619327,5608.306795700297,629.5499243692734,17,0,p582
3,6492.588906459338,6132.770890791813,709.3679465645628,5,1,p295
0,3725.029263761807,13310.934153894608,572.417263454244,11,0,p946
1,6428.2345402602405,10532.928824325903,558.932368927591,19,0,p75
1,6502.665978628487,10426.93880935316,666.5362333617272,18,1,p268
1,4238.460730028217,6650.961593016011,608.1287112572261,11,0,p529
3,7398.261485956568,7749.033914490169,517.6369583861344,27,0,p280
1,3537.046360102414,9231.984428149544,767.127572774421,2,0,p948
0,5667.86116086696,7733.337583715083,705.729509374922,10,1,p46
0,2545.6734091839194,18338.145854058777,853.005948906729,7,0,p711
4,3773.490016787021,17485.576316789116,560.1397923176783,14,0,p448
1,5447.094111539953,14931.451983703806,674.8003069146486,3,1,p983
3,5453.311449307203,15603.6341729056,435.5022416236501,2,0,p24
3,4824.935917180233,14944.02181603752,739.7451308192615,15,1,p684
1,6406.459645494211,4519.609143042971,686.8029599930368,18,1,p442
0,5861.43739473237,10317.58287214103,645.9149611789754,15,0,p801
0,5687.824303208404,20769.334359110137,622.0492963474444,28,0,p564
1,8262.99026532176,14261.141730725503,808.8131759386248,18,1,p270
3,1939.1760635289172,8322.927531746325,646.2922158118226,21,0,p107
3,2120.428635720424,9089.059544999518,813.7831099826001,10,0,p604
3,2323.6561461332685,6135.126490830927,659.1078989704752,9,0,p511
3,4378.721310216002,15706.180071366569,679.544438714032,1,0,p861
3,7463.652387604002,12869.085475328568,723.6341367323394,21,1,p331
1,4744.683349675436,14040.404335679455,690.5802255025102,1,0,p778
3,4634.948587862817,-1868.2938176839707,620.4626570454416,6,0,p294
1,3353.655272591531,15071.8160299638,776.8302841822425,11,1,p402
2,5718.421177036237,395.6312116807185,579.6623552227775,26,0,p435
4,5163.134796320644,7982.403638164725,808.1371304352181,1,0,p632
1,3021.1275988236403,18880.18855414293,648.3588146014057,5,0,p7
2,6616.151059428888,878.199022313378,697.6516552650638,3,1,p701
3,6722.999450856345,11235.803916719717,724.7565196735641,1,0,p978
0,5688.090650340536,4299.271069411673,780.0066286333787,5,1,p536
0,6394.7382123786265,13812.743082417466,844.1014629465644,19,1,p464
1,5720.509366990229,10393.220050015594,705.6096945673851,17,1,p828
0,4448.970343376045,17686.44098023699,653.4395801941819,4,1,p281
1,5139.473682173822,10826.632407143814,810.3701653077036,19,1,p624
0,5011.457089788476,9045.865495756663,669.1368592234367,27,1,p29
1,5438.81322731158,1937.5260147396373,584.556261798752,11,0,p370
3,4331.810832384621,6683.35819470922,776.4886795153884,21,1,p474
1,5775.731762185222,9386.838213095714,560.8354346424551,18,0,p927
3,3177.009918297039,7414.911987460622,680.1961475082273,19,1,p391
3,5327.531887547989,18209.41095365904,539.2814651488344,5,0,p871
1,5852.434078317237,10339.489640559072,829.1880623081538,2,0,p293
1,4790.703314142045,7562.260344394352,791.907169996229,22,1,p990
2,5636.376196101819,16059.345690033308,547.1068543252051,13,0,p979
2,5798.241016991273,14673.929737281282,753.798362786334,23,1,p944
2,3689.133532982267,7291.691557094981,611.4590251929276,29,0,p940
0,5331.14673545982,4236.632749029084,701.5175965710919,4,1,p333
1,7875.039508187321,3730.0953795910254,705.789585691756,21,1,p70
2,3141.777384340249,10772.119853230766,802.675235406102,26,1,p60
2,6987.639623783724,10403.776928442729,790.2342698968672,5,1,p180
0,4178.614311250472,19625.154145067325,679.6142202705049,10,1,p535
4,8558.666560012512,20052.986406346023,789.5368030985954,22,0,p99
0,2693.6089724325284,11038.61259685266,520.7691733141619,16,0,p954
3,6152.132560341911,7460.972379043356,855.5694519711818,24,1,p38
4,3552.202532897184,15948.55916913911,607.286246553382,9,0,p82
1,7792.390137538921,22135.99742872408,677.2714833856799,28,0,p165
3,4193.554077076081,6525.77999327926,686.0710261541941,12,1,p283
2,4482.467317658548,7221.765905499064,661.7593872159163,12,1,p179
1,4237.266146098747,6320.405550512611,624.3276279820965,10,0,p275
0,5131.172722855074,5881.916871837362,695.7509667569191,3,1,p689
1,6453.396703069728,8506.863317537012,668.3659410776689,11,1,p214
1,4270.550833726905,19960.05671725109,706.7304050510128,22,1,p397
0,7090.844962055461,15048.841968050194,670.8000991943288,11,1,p213
1,4947.578380729038,13487.62592777955,703.342063133936,26,1,p761
2,3865.498015714377,15159.873057916777,749.0768319981444,2,0,p974
0,5550.2975665284985,10519.945774491252,519.1377431412002,26,0,p500
4,6029.938207648689,8513.296163367033,693.1707536967773,25,1,p697
2,1734.7299570367436,10113.519553921711,492.3354608427835,17,0,p953
4,4332.6502418937625,10176.420872313336,497.0081894105784,24,0,p515
3,6419.411800708104,9649.540631177935,670.4075245642365,12,1,p646
0,5796.244739316873,11817.514313284211,758.9914332628819,17,1,p980
2,5554.594878848683,4765.903042243839,398.1083739956924,12,0,p51
0,7009.870737642008,7553.726307722629,614.4241328453438,10,0,p433
0,4680.919381668169,6763.751182534926,699.9679673121705,1,0,p786
1,5242.328201815814,1073.9024935898087,721.6642986467723,28,1,p742
4,2376.7266374920764,21633.14757703236,812.9727340485013,27,0,p150
0,2939.641623679061,9375.918836870162,655.9594490754323,24,0,p972
4,3733.074507044093,5116.524419463897,642.6345933437887,6,0,p488
3,3804.737705988122,5150.414062936577,704.6297489752293,3,1,p836
3,4733.29042445435,10566.256791117306,729.5424699890142,21,1,p878
1,3582.2728812774776,5721.48443662482,770.4938876753889,2,0,p619
2,6395.572363204372,8424.762598574136,544.575199914904,17,0,p372
0,2893.0347948979816,16833.486526792523,523.8432826505217,27,0,p198
0,6060.125518229332,8867.950504132838,638.8143529568135,16,0,p658
2,6694.395404284182,12402.773675956152,736.0994533023256,20,1,p772
4,7160.828020162824,8391.090227298084,687.36367539447,13,1,p200
1,5069.361036789383,8494.749986231789,718.6700806715734,7,1,p339
2,4838.541893265809,-1503.7754071345423,707.9506726185853,7,1,p999
2,2829.066523974926,5950.062144044893,866.2016198852664,28,0,p595
4,4714.6773481535965,7333.790789683137,531.2448763643597,2,0,p896
3,5174.046999067306,15027.213442922006,719.3749830070951,7,1,p449
0,7090.639489608871,18705.676762121213,603.3662299474854,12,0,p766
1,5111.661362206206,13191.1631984691,420.99795777829377,8,0,p769
1,4682.228182564316,13156.107189697965,801.2086531548886,14,1,p302
3,3844.2121747480105,20959.71163091711,633.001841127148,13,0,p409
1,4957.0451418918055,6108.789068681639,856.6821681300061,22,1,p460
1,6064.569641263694,9338.394440884173,703.8483230150628,4,1,p590
0,7165.612460667651,6432.537805056934,788.5923987835371,25,1,p589
3,4217.714198065492,5157.500342203007,588.8869171559484,12,0,p311
1,4945.916797800157,12746.509288499376,548.4628312058429,21,0,p859
4,1533.0036315139778,16793.770009251715,668.0055992476006,2,0,p557
1,6598.26371137405,16791.160610413415,817.5033843991619,15,1,p103
1,5671.806591230449,13157.924191144948,643.4820001309417,21,0,p538
1,4542.858333277805,10205.568515817376,778.6746820873329,6,1,p554
1,5111.2458436149145,14483.099067956178,681.6031998466217,11,1,p850
0,4564.714067545199,13364.096019374152,441.4207269568459,24,0,p923
0,4515.830489307928,12250.85085793107,899.2462155514013,25,1,p192
0,4533.801134932369,11649.572915792976,758.4353328281471,9,1,p917
1,7234.018736599652,15964.078876398162,601.6835517617521,16,0,p628
0,4655.036947444277,1338.5595900994122,685.2280721303994,22,1,p899
3,3641.087054784983,11629.385411328218,818.159543664261,25,1,p847
2,6784.248877517445,9478.739369110735,741.686936006921,7,1,p781
3,5534.46608133921,9634.36040875992,724.9400939165632,10,1,p282
0,4796.989892116074,13540.889968526866,706.6459408450198,18,1,p159
4,5035.419386875416,3586.555456367767,834.742022945421,18,1,p845
1,3277.750192213778,2146.252185825516,537.8906810475994,26,0,p710
1,2851.3563900300314,12717.455846994832,881.348386268262,9,0,p471
4,6399.885154687977,6228.926285539945,740.4301154489059,8,1,p297
0,4464.989204602901,5332.799964623666,606.1514955129562,7,0,p191
2,4276.825045234509,9668.67618654411,844.6414161632025,20,1,p403
3,5100.453923503817,20233.22876830565,701.8833464830105,8,0,p810
3,6193.986374182156,10544.674362894955,746.2426298954704,4,1,p517
0,4983.237586583416,9151.103587690472,788.6928275295958,17,1,p375
0,5757.5949619613,12416.046711118028,655.6309285561723,18,1,p961
4,4304.397819422123,8701.75569164202,584.5687592836333,23,0,p197
1,6695.423057271682,11147.58905248978,733.0032851358471,29,1,p178
2,1575.6704107452515,19019.851309967125,760.8917847324616,24,0,p139
0,2442.7587812818238,6184.643734159623,950.63352162733,12,0,p596
3,5224.0497473189525,4701.559720673991,695.4388907803341,23,1,p224
1,6997.109380698763,8010.320193352464,615.6239895964684,14,0,p37
3,4658.736646684016,20938.203855210944,596.5090858634292,13,0,p69
4,1507.9490980936112,8864.878139714414,760.833047354184,5,0,p348
3,6711.005608008803,12442.16415729249,797.4856136001653,15,1,p605
3,8053.715536549756,10033.777006661474,707.809033218361,2,0,p501
3,5373.637168321801,8283.602968874522,690.0950583692818,15,1,p26
1,4883.822583709466,15119.450855442676,643.6974754220945,15,0,p58
2,3999.260717180785,14205.705584297632,721.1032547552114,1,0,p425
0,7724.284146187457,7789.076444170745,676.1667944000732,13,1,p866
3,4170.308067859142,6662.917280902774,827.4465246440309,18,1,p592
0,3214.9150600667863,9110.581525312187,523.0972998144125,2,0,p182
1,6452.906129147086,8897.662311318833,514.6418840629743,6,0,p744
4,4448.738030604491,146.19035203827843,689.1085917658779,29,1,p119
4,4036.626545784013,13902.494742943012,696.5926283743263,1,0,p997
2,4817.741234951536,10228.949597355497,643.1177399685253,29,0,p849
3,6305.292366295753,-697.750145382226,714.3807921134531,28,1,p315
2,5914.737894107995,3481.4085246051677,656.3582843555619,11,1,p156
3,3250.542138908894,17119.356372199592,717.7411768371616,28,1,p574
3,5495.056949791159,16097.081455990445,863.7515089438659,20,1,p714
2,1760.7868591643974,3899.494110523409,758.2964327208721,14,0,p815
1,4965.956771836007,8227.074747843893,818.1885901197498,14,1,p424
4,2981.586729636637,12943.751288929832,485.0146948282221,12,0,p310
0,5332.100960833637,10541.910316103931,835.9138046208345,2,0,p264
1,6639.209562080244,-350.82372333901367,575.0336641394877,3,0,p729
1,3722.5829367967262,9220.29717691735,598.7348156565195,13,0,p759
1,3882.721177507821,14037.100255247802,677.034431582618,20,1,p567
0,6799.650646717253,8705.249927012697,759.0430718429873,15,1,p149
0,8359.319288367666,6314.525011185951,762.2815682125281,29,1,p779
4,5778.241951029533,8575.457302643063,828.3826682592778,13,1,p785
0,7934.112924844669,3779.60440761284,667.11714313252,22,1,p338
0,4390.971528741226,4980.525056975672,747.6410536651996,10,1,p522
1,5964.202902928028,12268.187160868243,870.6077417376864,20,1,p207
3,7846.262491534677,15806.39525003688,703.679475028954,25,1,p383
0,4789.428742035433,18470.31266723772,811.3262912775476,14,1,p811
0,6734.153956570136,7425.784802282074,612.0120181348964,4,0,p430
1,5937.103932711008,9363.622383711232,715.1465659627961,14,1,p255
3,5629.658061584476,4061.694047220141,763.7609608012334,21,1,p696
2,2973.5495924781803,11110.924398270998,653.7896121621293,4,0,p415
2,5863.504386396934,7072.225218451078,743.9814602087916,18,1,p829
3,5268.460769516342,4123.635061894914,658.6733883681665,20,1,p366
3,4720.64608587456,12402.502275158196,690.0022050349883,21,1,p274
2,5047.621594176246,11689.694723889748,590.6375484724365,9,0,p193
4,5303.634977523219,8500.9311316638,551.708570699024,3,0,p827
3,5374.532773990359,5491.579579383731,781.7765524467442,21,1,p629
3,3593.663859268732,5754.779792573787,771.2255985565529,19,1,p136
0,5196.758541846897,9778.617491463565,899.7949901020795,10,1,p233
2,5758.538716344374,11737.482126031642,746.1449879842592,19,1,p465
0,4049.095443858893,12682.55048572859,581.8175461466262,6,0,p227
3,5450.52189772588,5211.711241861796,916.6990546926876,24,1,p527
4,6320.161441745284,9246.43218884243,354.7391793966309,1,0,p444
1,6107.091410390632,12368.269904823996,556.8817807322937,5,0,p56
2,2590.9922271415626,9400.153493847249,629.8392926075887,2,0,p218
4,2726.544928711114,13787.01807163227,711.6524821790019,17,0,p755
2,5296.899277662262,6031.868846294098,640.6407355170248,9,0,p600
0,6344.013752756886,15498.396885514896,611.545157370037,24,0,p833
0,5029.5267228532775,11015.46227078562,809.9598853181283,28,1,p113
0,4124.220263612524,6193.330655161989,617.3825086859467,13,0,p384
2,3783.072973713524,12981.987956091543,592.2808306791072,10,0,p363
4,2380.8846401771225,12020.320003913415,685.923653648434,11,0,p962
2,2930.535809918397,-839.7411278016498,592.1538832899734,4,0,p361
0,4249.114071740764,12610.45440914254,712.1303688176944,23,1,p241
1,5021.9193164294265,17367.88490688806,620.1970444495616,16,0,p893
0,5491.12167576639,16563.92612381476,783.0130822141219,13,1,p621
4,3283.7786439806223,5864.157381893181,829.9049326242847,25,1,p903
1,4395.846120562485,17248.939023085426,1054.7499653634882,14,1,p683
0,4036.0650933738025,6046.619417920203,619.1860578625208,16,0,p627
4,4936.577837347391,8843.148262045619,700.4372932565118,9,1,p924
1,4157.065873829005,3986.475904889016,596.7045521598085,29,0,p196
1,3568.4131421171837,9170.115620163167,740.7022691085966,1,0,p457
4,4428.988604726184,10689.927403032958,737.1175072623766,8,1,p226
2,2602.0621572308705,7189.750502204844,672.5050722357436,8,0,p330
1,4262.958754282199,4395.35197599193,807.9012822367391,19,1,p835
0,6174.454499954563,6609.5672348435655,824.0658263570712,11,1,p59
1,3859.578489160877,11947.79514387099,634.8758955214288,8,0,p676
4,4882.159302108561,8204.002496304327,823.813801992404,10,1,p897
1,4472.60797049431,7743.839810745736,540.4914254677337,16,0,p685
4,2259.6600233622667,8623.489435663221,538.4343961562139,13,0,p170
3,6611.832920784168,1990.2993676693775,699.1519559600565,2,0,p618
0,3255.2686740753006,13142.050147564983,608.2251173619518,24,0,p519
0,4730.565737884667,9326.065441871431,826.4535872807884,7,1,p253
4,5918.048587843816,15626.431652997406,683.0330035087356,20,1,p462
0,3674.373939418564,11853.32821368793,568.3539750582818,20,0,p390
4,4124.483119131069,11726.157529124688,659.6342174106591,1,0,p43
2,6544.279020947316,12070.852365247638,753.8102972970593,27,1,p247
2,6582.132895474658,5621.872928582089,684.0516261339394,23,1,p417
4,5784.59745105999,5741.528714001539,569.9148596498966,13,0,p771
3,6039.087891990171,9618.064864965423,641.7909818111489,9,0,p630
3,4826.42204654194,10365.088468394244,633.8147830770869,22,0,p518
2,4823.771300794528,4428.123075425552,941.3876115616542,1,0,p225
3,6256.671644058373,11794.77281711702,487.3866298968173,26,0,p79
0,4398.84085385157,22971.558019672884,660.7349017522785,23,0,p820
4,3006.594750451054,7326.520703591992,630.9195118846112,4,0,p396
2,4190.853690446859,11862.2069448021,687.2324024516081,16,1,p608
0,5249.101857630892,11081.920906848422,737.5154176388852,18,1,p952
4,6626.546572063211,7963.82361460428,654.6173043536534,28,1,p221
1,10306.786228224752,13309.725942891951,707.916118906703,9,1,p967
1,3832.07815485842,12858.213684728562,957.4179997807342,3,1,p966
1,6152.725398678622,5054.515975057072,591.8163469914384,14,0,p373
4,5423.9551792249695,17076.730664085975,603.8230023878799,8,0,p524
2,5838.332563743293,5573.0524330880535,595.05763148172,24,0,p581
2,7215.911475119319,8556.717150352724,704.047349829576,22,1,p569
0,5397.613850938349,3056.2649131229346,669.3125702644494,10,1,p985
1,5608.906957087201,6992.91691881153,648.9808472812205,6,0,p279
3,6184.0634350729615,8995.158424899593,719.0584563466771,16,1,p653
2,3814.4892632160727,11840.370164056812,571.5443522841128,16,0,p741
2,4801.486983975939,7907.997110415648,542.7486441592675,4,0,p644
1,5270.738896526023,4083.8192115701486,591.9507186040483,22,0,p634
0,5684.39214593748,12348.691631590058,657.6150230961804,9,1,p963
0,4474.005952105512,14276.750602073447,675.9883084032754,7,1,p88
1,2820.709334746929,10216.071391084526,651.9150395447936,9,0,p665
3,5098.741002933293,14845.352103173402,704.6503703916857,13,1,p540
2,7851.4218965276605,12991.431124711688,805.1275728034782,28,1,p969
4,7038.137919771934,15457.643096383885,578.4571243913092,8,0,p541
4,5678.760661102714,2225.317266310668,734.3889978491563,11,1,p187
0,6526.441810265981,12311.627017321678,608.650435166505,14,0,p671
4,4144.789050716574,15597.302544635932,779.8168846300846,9,1,p819
2,5495.052217533596,19323.05861652476,679.5287573548271,1,0,p439
1,5093.948426107877,4730.40797270437,530.6231948218094,16,0,p345
2,6736.214147906793,14698.119712999624,561.4812336706923,4,0,p120
1,4840.895052801463,15554.84145575286,666.6793175711438,26,1,p349
1,6045.8009601571775,6029.344842965298,837.2690798776337,2,0,p588
4,7520.511353126515,4890.147855883847,528.5283967912238,15,0,p1000
4,3175.319324051573,12552.878539960657,598.8398118044887,3,0,p556
2,1884.7327043285195,21682.72583306337,684.2749551619756,8,0,p419
4,7728.928440162936,12577.92226800838,825.5462804508818,13,1,p647
1,7720.507712197754,18920.78048372889,889.3811854314514,5,1,p446
4,5102.762893842225,9188.836346365284,780.425345393213,28,1,p18
3,4863.939627987147,15620.82237387752,939.6303853611151,23,1,p994
3,4962.260220820995,15495.568171829733,443.64795144928127,5,0,p108
0,4329.567253463279,18488.909708800416,731.2214231063094,17,1,p706
2,7348.797973485999,10039.081730662769,738.7768907057487,7,1,p573
2,2876.8008478472275,15310.06399100844,740.9808312407844,13,0,p507
2,5192.817976850303,11878.48016555783,577.9634347747336,9,0,p456
1,6397.062665416769,12813.195791865415,606.9489020581047,12,0,p533
4,3799.705111940908,13281.333181589582,686.959483373758,26,1,p941
3,7060.367236621863,13217.274947644866,844.0625081298456,27,1,p626
0,6490.971452097871,6376.46465430025,515.4568717204589,20,0,p400
3,4404.722981549055,13131.833456769076,594.3939829617889,7,0,p381
1,4485.56476703579,11812.440258316828,831.4748529193367,23,1,p622
2,3369.450195222747,13429.52263086961,716.3430811699213,9,1,p848
0,4047.305666488551,5116.654693159039,647.0622422591646,14,0,p598
3,5118.267892064152,14804.291323853922,717.4202968696006,13,1,p138
3,5569.586495190401,14873.060953091366,913.30632890204,17,1,p472
4,6208.613105761419,22.97371918064528,539.7122926374011,20,0,p688
4,3078.5430193347397,9486.76056170456,679.0898919873853,18,1,p738
2,2242.800742607448,-432.42569835506765,653.4306604137716,5,0,p648
3,7633.673904005273,6650.56372348355,563.5287175163662,25,0,p251
2,5930.261387373895,5224.452534540355,722.6748023585498,4,1,p669
3,4959.855981594787,12187.699517896646,773.3764026887686,20,1,p692
2,5120.517874987178,7495.749578587188,513.6239237667792,4,0,p93
3,294.14788959313046,14419.341010377657,626.1462441100216,3,0,p789
1,6326.809542002043,9298.387478360652,623.155705452748,7,0,p643
2,6056.641008225405,10292.04232463384,359.078341007779,4,0,p509
2,5242.150414629026,10367.572863271287,627.8008840200124,4,0,p970
2,5805.234951447414,10948.16210856873,762.4045544425182,2,0,p674
4,7557.542621841465,14073.295171034815,685.74544223347,27,1,p638
3,5989.171127807798,7584.93780547607,651.8898226186548,24,1,p576
3,7782.60360196091,19914.943818868054,640.521310512252,6,0,p887
3,4632.516145356428,13275.665765943317,659.6965438906142,9,1,p249
1,4315.265120980012,5050.435121339579,827.4138909621603,8,1,p528
2,2996.564418919553,6161.366904712956,901.2847082080622,25,0,p53
1,6050.6409451550935,12134.291415105994,660.0037886154136,4,1,p733
1,4563.75639420651,8221.877660507133,802.9126651558764,5,1,p443
4,3535.4834707116424,13172.161348963193,611.4714253120299,20,0,p62
4,6928.027768159383,14373.058119125142,814.3422246979078,26,1,p712
4,4430.138479080274,-985.627126931846,772.274254055319,27,1,p67
1,4436.407915923162,13356.792347319652,586.4566360421553,29,0,p601
2,4437.107493334392,13956.447042489812,648.387440514688,12,0,p365
1,6721.145175260421,14338.967233375206,863.2375118250764,25,1,p736
3,5388.488119558057,16857.54147873376,786.5708488577162,15,1,p31
0,5209.200067251258,17198.606117705607,801.6451952156875,14,1,p309
0,5587.184807241334,11706.562588945168,691.8311450411974,23,1,p359
3,2290.295020308257,13031.000440743534,791.4552405281398,24,0,p888
0,4827.572669671836,18521.68552399988,658.5800509531318,8,1,p532
2,4722.50302623077,-2702.482176425874,567.7014467699121,7,0,p476
0,4344.2540635017685,9594.301053568515,692.5899845547285,7,1,p117
2,6186.658809156886,10129.562673855804,803.1195814606601,28,1,p867
2,4747.745058974228,11451.257248946407,606.6303017581297,6,0,p252
2,1610.2184534095372,8009.591050107933,774.2626304357184,12,0,p116
4,5628.319679401732,2739.0804325829918,783.4239029598085,9,1,p429
3,4516.07971080368,9647.00426045802,672.1773695166064,25,1,p230
0,4033.019130903026,10888.272103621184,792.3163998927373,8,1,p376
1,2499.839633343399,6943.45474587108,615.2551828351205,14,0,p287
4,5574.717380094839,18246.595302311,794.3509165515201,7,1,p328
1,3374.43814121834,10196.382544371052,732.7423435600919,5,1,p640
0,2971.9099762908927,18221.950111924023,821.5634675048148,1,0,p748
4,5749.394127202867,16540.73682862692,572.3999961255045,1,0,p740
1,3423.139077563197,8339.578923304663,844.6398728045688,1,0,p737
2,3277.556559896542,8743.472826973539,652.1017578103415,13,1,p579
2,4524.216884121823,6546.854786963486,577.241283553869,1,0,p217
4,3448.903496065942,15382.434721989994,662.8068677396145,5,1,p698
1,5513.645627893791,1211.4888893255866,768.3326837734304,28,1,p300
3,5508.30907802613,15261.978521573315,782.8231006975361,5,1,p199
1,5305.730367009986,9643.373978186726,704.7749363385717,13,1,p965
1,2645.402034806833,11006.451312053012,601.5565710032529,15,0,p992
2,4348.234832476776,10683.615087887812,737.4976779819788,29,1,p544
4,6182.679959493338,2433.464298312332,767.5854328556427,9,1,p666
3,1984.453618509504,13095.499111726476,680.8686066416,20,0,p824
3,5401.89218361336,4752.610625153327,691.2323074640813,22,1,p420
0,3445.3803386676277,17308.60819050436,655.1821621536242,17,1,p981
0,2967.165057879495,17217.02256584973,729.1073530356226,10,0,p326
3,4522.883996565503,17462.459185103697,831.315368534154,15,1,p298
1,6816.228409520109,6817.957731648825,667.2882055815724,15,1,p516
0,6090.556199213408,8800.495961277697,729.5249764075786,12,1,p337
3,6079.925644749308,8183.883871464221,539.1967730601508,21,0,p865
3,4091.086535280359,-299.33209474193245,878.9196235922042,27,1,p33
3,7247.524675804587,11035.829706790082,772.0606821294326,16,1,p427
2,6308.719251451453,9348.902879161164,579.1236839895759,22,0,p611
3,3885.3542428240216,6105.654554868336,672.1167963275939,7,1,p583
4,3815.994934857864,13021.733757498483,698.1737194573506,17,1,p174
4,5767.102931710362,3583.097421475606,567.3336438006645,21,0,p371
3,1001.7118090530804,5597.068009166622,645.1520418147065,1,0,p39
4,2544.925419152816,16823.8860765051,613.4230769613979,24,0,p794
1,3897.4659178174106,15444.249196956758,522.8992170960012,24,0,p437
2,4254.24306758986,11356.042097096084,875.5868835804479,22,1,p266
3,3381.9666418394327,7576.938640400902,695.5559755236649,13,1,p950
1,8692.796675095142,7476.865762457561,629.1704985501658,7,0,p171
0,4962.228072140171,10976.197127051297,642.1680899282161,25,0,p80
3,4201.99684700046,11832.43478877696,472.0331263640878,8,0,p434
3,5412.5729214823605,20116.898269246634,834.8015584693927,12,0,p324
4,6216.363692026764,15435.9081865038,840.7777160745622,19,1,p578
4,6319.141572624579,2897.8177318917437,810.0828112573146,5,1,p745
4,6820.481609680264,21510.694987505354,835.764242644972,11,0,p229
2,5679.522879493455,10835.173960571448,836.6747538183265,29,1,p750
1,4449.478991362835,6035.911725496088,845.2418457894279,11,1,p977
1,7096.267350506194,-5239.240692438709,704.4796229413738,5,1,p919
2,5009.364987950685,11631.49466722612,652.9482206760119,21,1,p115
4,4965.526911937745,7404.3072353852,699.1685913808149,4,1,p347
4,2582.3097840906435,3457.508018551662,849.6454364690082,22,0,p399
1,5686.16787018347,10832.76796022812,586.9216471202811,26,0,p368
0,3333.864313561419,8276.972832199623,610.1347670543188,13,0,p597
2,6084.178725470285,8805.485869239332,722.8031697699461,14,1,p144
4,5948.5006708202345,19061.587559756343,713.3622319234506,1,0,p727
2,3656.7932748751055,-65.3475175283238,554.0285286700764,10,0,p259
1,4937.781151005432,15401.43201600228,547.1791662810757,26,0,p559
0,5409.178077915259,11266.995683079223,829.9049114787927,17,1,p205
2,4429.557498729044,17621.470215045898,718.7354284417438,13,1,p486
0,5180.091860063652,2661.444905192755,618.1137976678442,4,0,p377
0,2787.6234047152006,21512.3539495273,718.2161275580343,4,0,p856
4,5993.424152944294,10101.830332722562,598.8386153925369,2,0,p677
1,6303.169757863323,13553.015929610405,734.230865262215,16,1,p906
2,3244.5058179871985,12392.165274070743,626.4225364507655,4,0,p754
3,4683.159710626162,6674.107846864998,554.0031467901002,28,0,p248
3,4917.133643539495,7777.311618099637,624.5038606160248,26,0,p718
1,4692.334732901453,22388.2450698793,585.6316662025891,23,0,p784
4,4577.155051037288,9928.66915512484,773.8821513404351,19,1,p694
1,4106.785266984809,13051.288391856577,787.2328376754733,5,1,p416
3,5116.7690621915945,11142.413972305312,697.7385522128861,20,1,p455
4,4614.659222573934,9605.83180977447,687.026766558095,29,1,p278
3,4267.169798896935,5263.18710470769,708.9259320729388,27,1,p925
4,5108.87563570404,9207.598636079838,740.377878484355,5,1,p40
4,7002.0710065131125,11948.971367855302,697.0432202811542,14,1,p641
2,6417.762965315044,2775.829721143581,776.4885508185291,22,1,p505
0,5913.169384463739,13343.498034494354,735.8509157034239,24,1,p482
4,4310.814637135296,14369.255943495877,792.783580746647,12,1,p71
4,5420.393921695793,18151.048019139627,923.9497762893816,28,1,p206
2,4281.173509134245,-2035.3119616543356,690.5299375825542,4,1,p921
0,5624.870468863933,14060.809897468607,693.9982545454296,5,1,p463
0,3439.7868403195043,17868.663372682255,753.0613059621087,8,1,p841
3,4795.290203076704,6603.032928236735,759.5850851664285,12,1,p593
2,6385.894054003493,3871.15663366972,622.7283959550282,4,0,p901
0,6731.708543833222,10177.302375766372,465.6273527627489,16,0,p209
0,3889.109875384957,16496.91648371665,755.9343099007045,17,1,p614
2,6790.395158968465,14165.476925317033,811.8674764380598,16,1,p238
2,4320.489641833499,7234.901986010136,683.3239051512986,23,1,p975
2,6222.089780451601,4700.769932483216,688.9294098055681,20,1,p467
1,3891.448068958351,10023.885235368522,586.8035877825226,4,0,p699
0,7265.892092828737,601.2371442291642,711.2358729369046,20,1,p301
2,2325.5000843696284,16956.91737589487,627.824561042709,3,0,p661
1,5294.805322724645,6198.107144622674,858.5649766899628,26,1,p664
3,7642.255853989099,14942.456902705697,726.5694387079478,26,1,p830
1,3849.966412101343,-567.6080049338034,821.2064660722151,12,1,p395
3,-207.07762241192177,8009.393741920204,660.2699591573848,26,0,p321
4,2688.659523650772,10611.92704571745,679.1956719587802,17,0,p935
4,6648.61570331904,14371.924899421076,716.0885077159119,9,1,p181
1,6096.33927018899,6895.115155778593,505.0078861002172,29,0,p484
3,2835.336636791438,2936.916752614162,767.2110555092976,26,0,p720
2,3926.099173064184,8125.008157631917,574.8291116063987,15,0,p461
4,2212.679701280111,11146.088477271443,719.8874148653821,9,0,p273
4,6767.852402758242,8976.1573268257,626.057920154806,16,0,p998
1,6452.441461956852,12969.65852329801,658.0412206971912,15,1,p340
4,5270.583647815905,4543.428964679216,548.8467553780972,5,0,p880
2,4677.576954674981,4589.562486314068,753.341540219862,23,1,p195
1,4607.979713226702,13403.421668604647,829.1924506353712,25,1,p231
3,4396.364134986214,2850.34296241858,642.1253608054805,24,0,p803
1,5845.235959476296,6917.028956609084,557.9525837091597,4,0,p705
3,3229.140550629753,11174.63281295296,756.0078656032986,4,1,p907
0,3436.3097587903385,13686.924802809048,676.0388717678491,29,1,p404
2,4783.94147959378,11010.52985530093,603.093976225091,2,0,p575
1,8133.889366524518,6761.114729003008,666.4481726126232,28,1,p102
0,6515.733710335772,18346.374765932647,675.4604358058126,11,1,p551
3,5427.816900428521,6478.616695016552,558.4547035071132,5,0,p610
3,8746.642223860696,12493.723519499585,666.3176537587862,1,0,p412
3,5162.925360541177,7871.663107074346,655.5861370105648,21,1,p313
4,6870.736703203596,7352.059723455244,549.1436987756704,26,0,p336
0,3607.0438084915313,16047.404724871783,827.7895916752618,21,1,p498
0,7329.0087580318195,17074.116576115317,601.5727836386922,2,0,p831
4,7334.8647437184445,10001.204630824182,591.1370300676697,22,0,p35
1,4978.360163088322,9496.444937485412,662.4555693838423,2,0,p563
4,5602.092355886302,1051.3424410443022,563.7818037013419,14,0,p851
3,6152.082356943307,11202.198411389008,745.2990019199813,19,1,p530
0,4977.831879109794,22392.88744169285,751.1188372186274,3,0,p891
4,4435.212410615474,11546.148472000445,827.2870151593636,12,1,p728
4,7010.520383153244,15493.849895957046,577.8527703046793,28,0,p450
0,6576.322039341205,12936.04978989264,782.4449605327329,18,1,p838
1,7311.774688215273,16548.178009924748,582.4858071111939,24,0,p242
3,7184.68829672356,3529.554718201757,811.1382356656068,10,1,p13
1,5182.97671277878,16112.614184551516,662.1508242897613,24,1,p876
2,6249.608759942388,16178.767440969068,692.0472394646914,10,1,p204
2,5053.170075415016,1183.1319227909444,739.1593097933738,17,1,p566
3,4214.327842601024,-2861.2657531591976,669.2305724631985,12,1,p873
4,4960.213229996065,4183.693822059027,604.9666182809154,3,0,p126
4,4323.410607036602,8104.523414894611,859.5083157264212,13,1,p512
0,2780.257862020367,10032.698840808718,783.4608552828049,12,0,p284
2,4469.258630484559,15280.53684998559,732.7311560559913,10,1,p937
2,3248.1474640473907,12914.837965934326,717.6522780364178,20,1,p690
2,4257.641423926852,5093.183096348536,643.2219301076702,18,0,p702
4,5797.847225735372,10700.30878874801,571.5518712539983,25,0,p561
2,4723.753150734921,11275.845891971709,577.0663404830264,25,0,p976
3,3649.247106163297,9115.137671557006,666.4117270004615,6,1,p323
1,4779.600907331424,4089.04968491567,736.3456048448883,2,0,p28
1,3756.1140126853375,6228.1405823950045,732.9831208112334,21,1,p796
1,4357.978702183926,6339.141756643904,813.6461285353337,5,1,p991
3,4695.43843019302,15511.08837758613,840.3041103922582,12,1,p894
3,5597.559328989175,11623.348597309445,801.8232949545788,11,1,p322
3,5823.456835384589,5082.889446485056,614.1710588445021,26,0,p382
0,6388.84279282875,11621.005977453126,806.040959812709,26,1,p973
4,4112.595262724698,8073.992944003747,894.1629115106194,27,1,p314
4,5293.302131496169,6614.609672663921,605.1861421447039,22,0,p258
1,2051.2155004774354,5377.180273152419,761.9255531532126,26,0,p5
0,3452.9829281334787,-813.9375972826274,663.4367948486463,10,1,p454
4,4039.523206399779,10619.146828065888,801.7172476310944,4,1,p945
4,4646.871015230393,11174.015312624815,851.2686218206196,20,1,p898
0,5351.451573299187,15978.62002572272,869.4601168887064,13,1,p369
0,4176.187088282447,15178.558530644576,646.7684358128787,7,0,p777
4,3274.356831388068,11666.289833583916,576.1946071454653,21,0,p223
3,8321.652021266105,4410.919480818131,809.9343364831158,20,1,p208
0,4766.864957609395,13869.856183193417,643.8003337563433,25,0,p129
2,6156.16856671742,5705.388685111073,786.2886674867619,2,0,p672
3,4306.629105280831,3250.1048316559354,781.4356043068968,10,1,p825
2,4067.902641031183,3496.971472924732,780.1769897577587,3,1,p423
3,3469.262479238258,8298.173171680784,578.6970395116032,15,0,p350
2,3948.9192887301097,6840.270783788441,706.1168781480209,19,1,p54
0,2954.919867662888,8746.600108386878,783.4913802060853,12,0,p55
0,4797.096151810997,4419.930455578265,710.4264130583717,29,1,p613
4,6937.337890867573,5916.168253565154,514.8559440170782,2,0,p562
1,4706.168851768198,3876.815594981224,742.4303677142915,10,1,p351
4,4890.830615204452,10077.085721550962,706.5430925207623,7,1,p9
3,6417.140858532807,10389.598711967756,794.5695608730514,8,1,p25
2,7573.477932208927,5897.93579892818,689.2658163252769,28,1,p244
3,2853.011891619244,14100.728960333458,775.4856429154596,23,0,p132
4,1200.6800647624614,3498.0839539077524,791.4952984064364,19,0,p723
4,3806.722906760324,4307.105545047863,622.8972643253139,19,0,p125
0,4717.758824545399,11802.193378614536,813.9443872714014,11,1,p133
1,2765.3217964612804,7214.962049373644,670.1621913233095,14,0,p240
3,4225.795223004949,7857.976375075472,889.6732884838216,21,1,p163
1,4825.96567367956,6889.352719505474,711.0705403353522,17,1,p667
3,4484.148461417048,18092.96847760537,749.8331954027113,29,1,p342
3,4374.019019680813,15382.974022362596,607.319817491188,19,0,p504
1,4676.843633662071,7393.377632635513,686.6794524161287,12,1,p445
3,5696.422852380223,15202.26404092614,752.0421127255812,6,1,p765
1,7111.604186939381,5760.63342236225,903.2965927650586,13,1,p389
3,7163.628327172108,7505.067478893452,745.5596955600585,6,1,p47
0,4133.146815793692,6551.999458656481,769.5797627317755,3,1,p234
4,6708.617968509168,20974.817608028723,811.5594773129886,5,0,p265
1,3699.923317306414,6098.549329172983,626.7442539933969,9,0,p721
2,2378.6565556000514,17982.355904207423,786.2925932974107,15,0,p931
0,5176.013302840905,11350.85053229504,756.2952077852133,27,1,p334
1,3144.941772404278,8564.68334402323,726.1226806740383,29,1,p414
2,2649.98197826855,9503.805863556256,604.2048759703221,12,0,p662
1,5128.537709212376,3403.4322089695743,899.4101413331483,29,1,p312
2,6938.635419699004,10866.146532734696,746.9898133111647,4,1,p525
0,2915.4825234778887,8435.460032856034,649.5564010441694,5,0,p549
2,6048.077727867347,12326.064826432928,805.209248697413,18,1,p560
4,6281.4372409646985,-2346.0656730509927,842.4115819645784,17,1,p682
1,5934.747295242636,17177.752005857787,795.8526438467424,8,1,p52
0,6642.105361526793,2208.7373672888552,636.727873186892,11,0,p84
4,6693.982800910021,417.5103533996408,629.9836567571327,18,0,p808
4,5002.340895462451,-2442.563065116039,574.8873017157729,6,0,p679
4,4329.042794375911,7632.371891890482,623.8035557156383,22,0,p127
1,5599.776616546567,6416.870315444659,868.5073861536163,28,1,p272
1,7725.139876231187,6796.907918930756,727.5922694115321,16,1,p545
3,3749.973726551343,5493.804185269378,780.6159395247163,22,1,p172
3,4987.197778574613,7390.173738158911,693.4481749673109,13,1,p92
4,5150.5905012980365,9890.382821573625,775.969503803515,21,1,p928
2,5727.273814543912,14449.598728028452,838.761687096769,4,1,p96
0,2784.966983972827,5932.4492182953545,794.1954211277581,7,0,p97
1,4445.560793337087,16958.239207839906,640.6067848083937,23,0,p292
0,2743.442119711775,10842.508122791554,806.078896820022,20,0,p494
0,3445.037995045671,13979.416719915946,804.423946991726,22,1,p660
3,5116.967696940879,13048.434282311278,720.1846564136496,19,1,p732
3,5983.494752769014,19729.77273531218,713.4910854850959,11,1,p700
2,6728.670121508365,11247.85906922585,632.73087467535,20,0,p277
2,4644.635709824295,15310.636790611972,910.4674398691468,29,1,p418
2,8308.833571305204,5422.201064926922,693.5072591277145,22,1,p855
4,4891.319657874065,5676.502853324543,821.6822472146555,7,1,p868
4,4446.5353005098805,5389.273249458595,790.3662692910905,29,1,p635
3,6943.823518947415,5550.881996581351,840.4184037985382,14,1,p237
4,4190.459144676876,3529.146998404717,500.53335879994006,19,0,p438
4,1334.8562217404938,14726.047271638445,596.129344038346,4,0,p276
0,4045.6995614108646,7674.220671981882,716.3745046621536,23,1,p864
2,6688.935662358012,9057.241824375373,720.8052294814655,25,1,p993
0,5073.852993693828,13968.893356443888,690.1744918209853,6,1,p964
0,5579.270626193119,5676.74469634211,824.7031218836976,1,0,p260
2,7274.83868622097,10853.206234800837,671.4177049055362,11,1,p94
3,3372.1677658283693,11496.620895237997,845.0242874258107,11,1,p591
3,3710.853935061936,3151.3322882007496,663.2711127327083,14,1,p48
3,1980.602429112785,17878.85940024385,773.4484809565124,13,0,p388
0,7805.283255632459,6999.17564288218,881.0798280915353,8,1,p821
1,3687.784356105615,13126.325966733966,817.5019911222898,16,1,p290
3,6376.514567771274,14290.004287399888,648.0472190939154,3,0,p346
0,5255.118846389827,11154.363619201597,708.0195415041811,11,1,p319
3,5041.543586459116,13194.919714230418,684.5829304742837,13,1,p411
4,7065.970560513022,11658.573244370731,1012.538681698392,1,0,p4
0,4014.843258486144,14886.05321081523,653.6448497168567,25,1,p232
1,8053.18664843287,13467.22932337924,678.0940690805937,24,1,p506
1,6383.46898215651,7721.954411617338,812.3162530429761,26,1,p900
4,3512.419428787804,11737.594718732267,741.3797802145298,8,1,p124
0,6111.236385299126,10564.84097383015,565.522129174663,26,0,p186
0,8049.4485010153885,10567.288165649425,669.7051796936423,2,0,p938
0,4565.388120254253,7383.563986987364,725.5485966410072,28,1,p158
2,3860.861157959536,10667.1409887933,701.1273753880291,11,1,p862
3,4451.094066423201,9578.094232367815,834.3366703250804,3,1,p286
2,3887.057195548802,15550.353671184228,643.2686038497246,29,0,p203
1,3835.9563820750254,12181.831845984949,606.9157359405909,1,0,p118
2,6322.889849049392,12059.008021654628,687.6783797638507,6,1,p909
0,6770.93110880945,13230.588619210386,719.6610339945114,25,1,p757
1,3899.5896708046303,15064.101112987764,756.258814194632,20,1,p793
1,5611.729577769856,8145.568748759697,651.1704053238336,2,0,p649
3,6271.232623531127,150.15102622248742,605.7245601903104,12,0,p410
0,4080.087225605383,2553.221278218367,723.383113645841,24,1,p943
1,6924.353168519806,6054.8183465946,727.7875887259748,16,1,p385
1,4276.746648857053,5820.79339496652,658.9206868912903,27,1,p858
3,6112.954459341914,10594.544682931117,842.5740483922659,13,1,p687
0,4368.154950151352,13229.319853954406,802.388199214212,2,0,p802
3,4574.296283622857,10506.441155179782,690.4399164647607,23,1,p874
4,8088.591807946385,3972.537594872325,630.6830853977169,12,0,p146
1,5364.157466143836,6709.760454316599,713.1229540219086,6,1,p245
2,6934.952826050591,15354.655033687804,752.0778295085651,28,1,p343
2,4075.577204114281,14915.41181471929,834.7428982342892,16,1,p806
3,5533.876525932416,12336.204192788317,881.7281785323148,1,0,p982
3,4817.501921381472,7656.608871606707,526.7429408578698,21,0,p767
4,2959.270760278211,7769.737491602535,752.2381230069935,6,0,p863
4,4299.544603754279,6504.786620456783,719.5084129766121,23,1,p568
2,7750.057200000255,8986.679620532608,722.7258917780714,15,1,p695
1,3862.7615695595778,18234.685812019143,547.5047715307737,11,0,p83
3,7738.984615123041,10172.865655101385,820.0016647687519,16,1,p318
0,6238.07695104474,14673.277909965618,747.7350886743902,21,1,p202
1,4843.318284258189,7400.274807048156,765.9548559716501,19,1,p762
1,6475.861570905012,14194.788609804791,827.0314537163725,10,1,p834
1,4430.043911163491,6456.668611558594,777.7645894947905,26,1,p167
2,2028.90083728482,7950.226270319536,753.5765230852318,7,0,p466
0,2188.33798054098,12668.050361573709,784.1594041567896,21,0,p176
0,2540.0922139132254,14496.1262876686,843.6862091876534,5,0,p42
0,6066.419235946235,13072.189580833588,530.570915870331,26,0,p222
1,5527.883820792734,10598.444032075931,857.2090795273834,5,1,p243
3,4209.783206675147,4253.246439043684,792.3710565099344,1,0,p122
3,6102.497817917851,8145.521843953846,677.3491478380043,13,1,p968
3,4915.214936993716,4657.66289589744,810.9086225535566,9,1,p155
2,2124.179831038371,17345.177460061514,557.4338687853599,11,0,p1
2,5370.1996824942,10724.151843921334,829.5977154778162,19,1,p783
3,4727.716377953409,7432.04913564522,921.8598900989368,22,1,p734
0,3755.876054084808,10547.355758990763,767.2036993167508,2,0,p141
1,4233.962381214239,11091.294619055008,848.140628637481,21,1,p152
0,7644.553334598388,10932.439539814442,784.0403217491751,14,1,p971
0,2212.4928823066643,14031.372514382774,617.4878661653137,16,0,p520
1,3769.318794657138,22147.551345446263,672.3551717490221,11,0,p12
1,4202.417855543903,21237.83712393758,629.0653443359793,1,0,p508
1,4340.239147808867,11961.134931726772,693.2795305652437,13,1,p109
0,3763.948450780232,13073.937473007263,772.9176010353789,27,1,p492
0,7778.521449361911,8722.385332494985,571.6651125140858,2,0,p942
3,3070.3881704359246,5423.432361940148,431.80263203098207,13,0,p883
4,7178.722992079667,16471.956264974255,625.7221663911682,13,0,p814
4,3794.942516230433,11847.067479731457,736.956994193624,25,1,p959
3,5124.452190072681,17210.88345339645,648.9190467574567,14,0,p987
2,3961.1003031900095,18362.08589714821,696.6937474695574,21,1,p521
1,5121.089669580784,11756.409786779035,697.2219909372042,11,1,p606
1,1650.8041608067583,5677.930215257827,765.2114256291521,24,0,p95
1,4002.124731970464,12241.386454399772,787.8799344152371,14,1,p183
2,4125.58554101183,12484.080704569918,567.2760604978591,3,0,p542
3,1897.5800071922508,11432.177939485477,713.2071074706469,8,0,p617
3,5086.301372058901,11025.217792226233,557.8126379010464,18,0,p860
1,3869.2226797614735,-373.810652792432,823.9196337689202,2,0,p678
0,7275.282675175085,10294.463363109156,694.8636822979074,7,1,p922
4,5920.785497345723,12142.215176832698,805.6270228450333,6,1,p130
3,2497.864487745687,11686.409972664713,843.2439420649628,11,0,p493
1,4562.431663695872,9982.325157377169,694.4519414935352,6,1,p212
1,9124.581294264552,11207.528531746251,710.0433736798718,26,1,p913
0,4511.206523323113,13321.928712437368,625.4297155251134,3,0,p531
2,3585.7089073521893,10406.929076495007,743.9975165878736,17,1,p64
3,3804.802645070108,9329.282053191422,534.368497038449,28,0,p367
3,4940.189260082439,-192.41353572678963,750.3316601143771,14,1,p933
2,3871.145807159583,8967.272147866373,696.8718912242119,19,1,p16
4,2107.283648019932,7773.503056634735,728.7073427305951,11,0,p773
0,5030.852593162426,11329.688803806534,709.9561354185582,9,1,p668
0,3122.3574088981,8232.503219829201,595.2964878014723,2,0,p513
1,3960.9238101853034,21674.14729374324,876.5473911417755,18,0,p510
4,4004.11113153669,17629.904207388587,725.4436042856615,18,1,p580
3,5036.713550185037,17523.278149315454,732.6128783211833,27,1,p947
2,5523.489644942025,2411.772888068058,633.3769030200284,4,0,p477
2,7373.760887278523,18472.77321987026,557.3401234535808,1,0,p717
4,6606.961168346651,16850.487938210892,665.2094725161843,18,1,p503
2,6347.913706789403,9810.36534602859,534.3596890365336,6,0,p846
3,5866.516752168941,12566.650936292472,714.7950232348679,12,1,p22
4,5751.098427676694,9091.528707069096,730.862959483557,27,1,p45
1,3696.2714258506417,8918.17718311319,744.2565933029041,18,1,p724
4,3764.466692783215,9854.769421089795,634.9524753550992,27,0,p177
1,6654.003994358924,16133.302370845417,707.2067115961152,27,1,p918
2,3732.447742628028,6983.93570254917,548.9163624520038,20,0,p470
0,5247.802675905197,15229.94086720348,831.2247816394919,7,1,p751
2,6647.013720506193,9488.99759195078,591.1984538410195,5,0,p66
1,5168.48290554112,9981.142857883446,675.768374030449,7,1,p87
3,8342.984789208389,11981.367029711077,874.4796288746819,23,1,p623
2,4677.88767476801,13836.43465417342,770.721098081321,18,1,p956
0,4893.582947801782,2579.4355449566337,761.4678675531864,14,1,p570
4,7067.252285343386,12139.288217831088,607.1750734339704,27,0,p882
1,6923.158299349992,19107.60196431922,569.1665557926258,15,0,p843
2,4502.387454008467,7274.680827755997,829.4122352051045,18,1,p607
4,6071.983838443023,15198.877781989078,807.5471928442922,25,1,p41
2,6602.875862978913,12224.95436868924,734.9247116787157,17,1,p523
4,6011.828692893118,15853.827991358989,595.5894776811813,17,0,p704
2,6627.549245274865,14083.51027487482,613.8920344460922,25,0,p957
4,6008.250798989194,11702.835960127217,701.5386289029152,27,1,p480
2,3299.930261714446,9854.887665061857,665.8682141800847,24,1,p296
0,5823.936486178714,7342.821970585992,853.1659671579275,9,1,p870
2,4891.388854027208,8262.592887701296,782.9843179707392,21,1,p23
3,5782.214282246052,5386.430457557313,712.11971033933,3,1,p716
3,4951.130757376146,2367.978722648348,697.2249703148317,27,1,p584
0,3818.638814187209,3907.792391387848,639.8585083585565,10,0,p379
3,5020.429950426631,6403.969610402855,632.9505270867148,9,0,p408
0,6789.57249310938,15170.236508117245,639.6761986624177,3,0,p739
1,4275.104570068666,9583.00842418457,616.9965746837404,9,0,p586
1,3180.015817967771,4952.925659857508,734.0579709415726,25,1,p422
2,2855.2867090220607,12353.335485117732,561.7100516328198,8,0,p502
3,5373.834652756895,-1009.1562326246312,632.439501817419,24,0,p790
4,4183.451760323149,11888.50383160749,520.0802795102735,13,0,p673
1,3684.316436606837,3088.5280437825368,517.9362872348609,5,0,p355
3,4510.158807633602,14230.445910427672,500.9015998052845,29,0,p760
2,7288.023438199283,7397.817843043373,683.0092296525083,29,1,p747
2,3772.745176293066,12109.553384327082,764.2935401595408,25,1,p421
4,2471.8630539785127,8982.758957934662,691.982711190876,6,0,p768
1,6928.391392441349,6620.771478322127,829.5561525440372,21,1,p675
0,4230.768460473958,14154.523365672634,696.5310275433675,6,1,p497
3,1763.0160115712729,10829.175748371812,786.451127697052,19,0,p780
0,3777.600098375785,9574.57663812916,680.3443424126904,18,1,p164
3,3925.330092152688,14744.257799686628,673.1387419067878,23,1,p916
0,6663.090496477482,10265.225657574232,681.6737047787349,1,0,p787
0,4838.060505373948,15465.576851453445,605.4583302923025,22,0,p161
3,6609.141212633167,3765.670887330166,618.5808331238062,21,0,p594
0,4333.621503409667,12142.397426803476,660.3081761597654,2,0,p394
4,4400.453223307723,11994.952847336472,816.5547878629419,17,1,p341
2,5258.736435913312,3402.1486247676057,672.7110206754182,10,1,p201
4,5818.04901376388,9996.17839995909,840.8733106270876,1,0,p392
3,7269.951023506812,8927.618163762678,605.9879494453161,9,0,p895
4,5176.94428911969,15799.377598384392,848.7595959166342,5,1,p788
0,3143.215394769259,-2745.670635026694,682.5217497875321,28,1,p686
3,3076.2188397956816,9675.353797140511,705.0336397323279,21,1,p401
4,4665.657098030088,8633.412329867335,608.4546581362231,29,0,p11
0,5425.111361348809,2660.1745179025447,773.747712349727,7,1,p194
0,4645.962714632498,11212.080147983548,834.0198518488723,3,1,p543
1,5926.223956962595,7636.294997306247,574.8611624566579,19,0,p832
4,3325.77717642293,6909.968433280108,725.6267073933693,3,1,p453
0,6730.639419729189,17832.505052935725,722.5155634221361,14,1,p185
2,5544.906879180149,9902.218335427062,576.0283619068495,15,0,p565
1,4292.366488605567,12395.468040026755,818.0984085551465,25,1,p960
4,2808.2008423104785,14241.69545766154,728.0062829376212,10,0,p681
3,4423.207109987244,9819.766914201236,730.1397910984994,22,1,p451
0,5313.381504669664,3886.679158636805,673.0464021984513,22,1,p175
2,5685.253110585415,8696.791398604795,829.905163879331,15,1,p884
3,3549.863973231289,15300.155688898958,850.8554447802715,14,1,p746
0,4865.231901982214,12884.329756691004,614.1609573417961,10,0,p131
2,4575.3625839974375,10662.365658791456,866.1047643116781,27,1,p823
1,5337.980886949907,10522.400464930586,702.9105042484639,13,1,p599
1,4157.644825503944,10347.582896827453,690.9970782170203,8,1,p332
4,3074.2843277763022,4857.732588949967,652.6803627187405,19,1,p951
1,3747.5336867043625,9508.600205757964,787.8887156897633,9,1,p602
1,5351.778510116167,23534.55263650386,738.525030696803,11,0,p774
3,2500.167114898324,11249.283251239192,687.276615843344,7,0,p612
0,4512.048685428785,11006.469243898167,517.5832137412456,26,0,p151
2,6925.668487939723,19056.224450038862,849.3960887841533,17,1,p188
2,4926.054111501417,5772.458009362413,745.1820517776617,24,1,p615
3,5059.36498106677,19857.152070990716,615.4542045104032,13,0,p140
1,4767.809413885719,11994.494398594676,699.6250860889623,6,1,p485
0,6094.7762070878425,23456.18939684308,743.176285009256,12,0,p911
4,4849.8158999723,15294.785001870165,591.7764451859247,22,0,p21
1,2207.0466961665265,6477.455291681315,517.6235875343467,24,0,p585
1,6349.092231869188,5081.637049559514,870.625013850726,6,1,p72
2,9322.4306373632,7442.0748770757955,707.6561706045612,3,1,p220
3,3920.045775275048,7022.273831607958,611.7694463207299,9,0,p246
3,3135.55603867218,9684.708927871034,721.2638169384425,5,1,p63
0,4848.270743898971,7772.814339049946,559.3076911414721,6,0,p725
0,3561.498864481096,10564.100880982567,438.7168644341508,3,0,p548
2,6708.049095254419,15858.798421961328,801.981059141991,3,1,p468
0,6422.238719107447,9875.813601307387,624.0944127824166,14,0,p173
2,5184.259199011927,9379.538823443838,783.7426959961119,29,1,p743
4,6133.7869852086105,9764.530153312187,673.5666639831635,13,1,p407
1,5666.765790144145,9150.204223650857,751.7249003692403,2,0,p840
0,7070.1964875930025,18729.4395531183,643.7967912344787,23,0,p791
2,5000.271310116491,18299.29859558408,729.5061707108962,10,1,p398
3,5358.790984077466,5042.780779958276,629.5213216883393,19,0,p713
1,2229.8933895185373,8193.622844475254,777.451193037757,6,0,p572
4,7217.240031446468,9804.821031271002,786.3259576453306,12,1,p269
0,4887.399022363185,7651.644950321157,808.6126615175266,2,0,p90
0,6444.224957441284,7390.847714935811,761.8609240925957,18,1,p362
4,4977.083485301445,13700.173512857746,649.6230713311304,26,0,p458
4,3341.772071731383,4574.084900010968,752.6383435231177,4,1,p877
4,4320.310102511948,8624.564219281448,687.6575053983636,10,1,p905
2,5698.665009460245,14316.224053181417,672.5094696727203,21,1,p320
0,4983.09865382195,13546.948188462236,650.8096940108444,19,1,p134
3,5281.885711960266,6156.846768891186,691.5018392852495,16,1,p920
2,4727.474562303958,11763.107186796704,892.5048510502655,3,1,p91
1,6015.302566086431,13650.885156104308,618.100182199006,12,0,p353
4,5107.033777729638,9846.792188565516,685.0183869348414,11,1,p637
3,5866.624709187468,13299.805163572662,721.844726324203,27,1,p910
3,4989.721004420297,9029.854390367913,767.0459371896418,6,1,p782
2,5304.324510848207,10988.243492634305,590.9766178729728,18,0,p955
1,7436.938446449762,11250.711917569255,738.3452826583828,13,1,p587
0,5138.387871416625,11575.159094272578,841.5850810678335,4,1,p490
2,2649.706947937074,15653.678575407524,762.8158261818187,21,0,p691
1,7518.678009923879,13116.537831978363,681.8277246503628,10,1,p636
2,4739.569488538669,19224.12982642113,588.2051489005887,27,0,p306
4,4074.300500037892,11252.959206769314,720.1147164739521,9,1,p663
3,5226.584556198927,12313.514680777016,603.144205145633,27,0,p764
0,6770.728242060513,14034.793387741462,732.7200733319901,11,1,p908
1,4554.675323908878,10586.174268376137,575.004714537144,26,0,p358
4,5089.382333996613,14116.326186429576,685.2486082421397,11,1,p81
4,5041.574744366648,-28.466840098382814,625.5771043177801,21,0,p709
0,7262.157436466909,16418.246734333014,743.2193569556687,14,1,p184
4,6197.2279900707545,3810.860533937248,747.6289983758436,11,1,p215
2,2504.6808283357973,19232.32677627952,892.2575291912399,28,0,p577
3,2230.766285061087,14595.20053549883,748.6553624429619,3,0,p854
1,4933.661418252875,11960.001898748364,683.4791988522127,25,1,p20
0,5283.4650354635305,15587.450575320849,806.5289513778265,25,1,p441
1,6650.901248353866,7753.5381007171745,640.6697190605519,12,0,p817
4,8115.576407782403,8936.804505003383,749.9198876378262,21,1,p550
2,5045.975843549572,16176.087442704713,511.6878808243013,26,0,p478
2,4780.257565126956,7831.133383675227,670.8178292509291,3,1,p262
3,6617.026751089299,5179.160407492742,820.5766751981585,23,1,p804
0,6071.603245254879,3376.919183821313,705.1799654784545,21,1,p317
2,4961.768931219799,13735.154955502603,585.4922495145136,9,0,p752
0,4133.07540631565,-536.9969794647386,730.6466897938662,13,1,p620
3,5172.158985774617,84.39778983311953,814.0324376323272,27,1,p797
3,7602.623474656604,16994.840327599646,613.5526899625611,10,0,p250
2,5075.862749363173,14139.852141434343,937.6025809599868,3,1,p98
1,6069.097691110295,9139.731653543147,617.9724156544489,12,0,p822
3,5332.092848457257,17491.03981995967,622.2799676706796,2,0,p210
3,3757.833487035927,6950.464196852544,793.2028974548002,24,1,p73
1,3879.096820965272,8279.849609229948,712.9987730377073,22,1,p153
2,5499.870988949113,7084.328949271336,667.8003134725018,14,1,p216
4,2126.8792331999007,10155.635496264476,709.6422844815934,7,0,p495
2,5076.021841176953,2709.660188606762,633.5020456893928,29,0,p853
2,5046.470510935302,8129.455917686357,720.2564126814347,23,1,p892
0,4031.145347146732,15785.852273980923,558.635898023559,1,0,p316
0,5834.346118420528,5865.70448541957,544.1267069613618,24,0,p104
0,3826.020489337488,10972.603712421473,724.021817994759,22,1,p813
3,5388.320925264098,9006.914212804513,715.5399673340303,26,1,p929
0,5126.330068470503,15032.492817631632,631.0433739036624,2,0,p489
0,4475.444298231128,3129.8939256886724,798.1347076685007,16,1,p770
0,4550.165070613994,6886.716664620848,739.5707893351823,6,1,p374
1,3173.937563624316,7714.981189421407,783.499577032319,12,1,p364
2,4945.330186136525,17741.37368895901,846.9921549421383,7,1,p642
1,1752.3443924751778,5311.526116392517,645.3812302844758,11,0,p76
1,6143.711122039542,10836.39671765148,724.5439687036236,13,1,p360
4,5986.014110504675,17005.19457219872,574.5961021307884,10,0,p378
3,6480.548099249805,11557.771084465592,838.0057421506797,9,1,p304
4,3865.97547637678,15276.205708351905,685.9033393616332,15,1,p236
4,5384.626020877172,3713.5615424347434,706.1284088779539,13,1,p805
2,5321.314397657182,4659.777041262328,417.6448764351836,4,0,p984
2,7323.280839265689,9236.822889455609,668.0290887311716,4,1,p166
3,5037.736159656981,-1202.2722802375592,684.3566830462171,1,0,p112
4,6397.035020056845,799.468816944669,815.0103655501468,12,1,p160
0,5373.454108533492,7670.331914581877,727.7671923987268,8,1,p491
0,2761.333794387184,7461.574547784916,677.4405030236404,13,0,p157
2,3527.335913525793,6170.669438454756,609.7566507838204,1,0,p68
1,6164.713958490742,15392.74495284274,773.8075190546264,16,1,p826
2,1498.4040000553982,9493.132275752369,727.2568645111907,24,0,p715
4,4293.982652305176,9229.267236713726,908.1939120188472,21,1,p775
2,5192.886040532069,11385.296738479556,708.513700800529,12,1,p930
4,8711.800378194457,10593.761585641854,761.7763763242043,28,1,p285
4,3852.239173220738,12257.626298584795,823.2381179271483,6,1,p886
3,4769.64677973965,4923.209606681561,600.4497205224369,2,0,p135
3,4408.387155601222,9089.08541771579,728.3863017342343,5,1,p514
3,4038.030151237045,5881.115003357283,711.4678403622055,15,1,p902
3,4895.589447624374,11423.531454511369,746.9612051579816,18,1,p654
4,5368.148078850813,8542.73579422399,594.0006008161763,11,0,p431
2,5827.153869651864,12953.213679927072,575.9772912650998,28,0,p776
1,6966.785431834346,16462.106068961744,674.482253339083,11,1,p904
0,4412.993094207534,14720.31743429901,831.6780417509952,26,1,p625
1,5652.26846643814,16212.342056861227,577.5086909533334,10,0,p17
0,4620.989451827949,15332.1874980115,642.6039901167857,23,0,p756
3,2945.164018724347,7736.257525979719,787.244812626259,25,0,p553
1,7162.86810656055,14728.899687880876,674.4958107066598,2,0,p447
4,4861.455605836271,8277.903512904117,622.5454664861611,26,0,p881
0,6181.8257517744105,14489.414533498097,611.7493249564005,28,0,p27
4,6628.743668718981,8055.635923356736,821.5375237231053,18,1,p650
4,5808.199442167376,10719.553714261923,611.048484304511,6,0,p267
2,2567.3995739236234,8742.01722843365,605.2066519596738,14,0,p483
4,3283.8748739585008,14372.451059126584,672.2129724116653,27,1,p357
1,3681.666219495538,17890.37234290531,768.9164964622305,27,1,p303
3,5181.894689409082,6961.738802697457,643.7058560160357,9,0,p799
0,4309.256918708381,7206.725845421564,800.5587314944835,7,1,p988
0,4951.567908262666,4826.453155898987,771.0318904445495,19,1,p989
1,6412.095208278703,10775.0632799749,573.4316977697149,20,0,p289
2,4609.849447826246,1302.3629676838864,764.020599104611,10,1,p211
1,4665.4213783228015,6978.514117448886,708.2554877815182,23,1,p763
4,2472.696539561235,10528.182046074036,697.2094657549247,25,0,p271
