x,y,classLabel,id
29.466957381782983,75.32039174582722,0,p1
50.59414820269492,74.41568179188344,0,p2
42.89619245377351,23.70839216541865,1,p3
36.18556639233735,72.7939528004645,0,p4
36.65042668015402,23.70743486002081,1,p5
29.863409609518733,60.147753579364114,0,p6
38.32736367193513,63.64705436570881,0,p7
46.29916536749955,19.25892289776201,1,p8
32.43255670680072,74.31154924860985,0,p9
42.07284193945203,71.82738690525923,0,p10
47.75727971716262,62.72065851012128,0,p11
37.87126043575248,16.224485267973996,1,p12
38.75960451663017,20.78084151974866,1,p13
51.40030881899904,60.33928979249576,0,p14
35.45505718453795,61.4324181326642,0,p15
38.82299326990648,66.69536595612011,0,p16
44.60980990870981,84.07143177136444,0,p17
43.37306007961151,18.997768307060177,1,p18
42.45441069491491,73.42430991103365,0,p19
40.83706257889907,63.18851741382911,0,p20
31.94304495804388,72.6298861284197,0,p21
36.1012562892172,22.489197253637524,1,p22
36.86874673038874,78.96711453214579,0,p23
44.03950489026378,68.57868229769905,0,p24
33.71109730056149,73.44343420054554,0,p25
41.420461145959095,59.38979119501938,0,p26
36.37898084929739,79.86543208129906,0,p27
42.09127035855981,64.73746264933371,0,p28
41.31542721642919,20.05884997308197,1,p29
30.344765403898307,64.88348972040657,0,p30
45.12848054050905,69.43498393923993,0,p31
44.56626014889394,58.96525490111026,0,p32
51.43402072610768,61.97558224886919,0,p33
22.12255205568632,76.54023937867491,0,p34
30.86871349646603,74.68770784181027,0,p35
40.84206942198329,73.60107183841124,0,p36
40.93478633347598,68.9327111453362,0,p37
36.61769476390438,81.01790734303023,0,p38
44.5805595944784,69.61090730362682,0,p39
36.72489737158206,18.8387008925768,1,p40
39.86688654468118,62.98229444753534,0,p41
37.44274914081524,71.29276214105435,0,p42
45.41304432936023,19.427288624818104,1,p43
42.03811984886951,16.55361789452403,1,p44
39.74921772623034,80.95250559069804,0,p45
40.19822863291323,70.20829297647022,0,p46
40.67592376612282,18.891419213499923,1,p47
32.56387400391726,73.31514701444627,0,p48
40.41741258944122,65.47144255606098,0,p49
43.79023909743351,75.31408612211852,0,p50
38.34838945152525,16.337862722257526,1,p51
30.272992732654828,58.48220877130176,0,p52
41.3270713161912,77.00732264796999,0,p53
41.776177630462016,73.27385220235803,0,p54
40.69021227757421,21.49322926727418,1,p55
41.69373590096224,56.60703828739541,0,p56
40.319002879326696,65.43879756675928,0,p57
49.7472571004503,68.24967439780733,0,p58
49.1383516500803,70.14702689142932,0,p59
39.10023741992749,56.82705668151653,0,p60
39.84063804094736,23.670706647255884,1,p61
38.56348763197479,17.411672707870636,1,p62
40.62180198819683,20.20803301110875,1,p63
25.14701570693984,65.74524609033897,0,p64
37.46291341017808,62.16231073761699,0,p65
38.77889106121966,22.058955370870105,1,p66
38.18286054045477,59.47799932817325,0,p67
46.07081865768892,20.020399533679992,1,p68
42.08043673574198,18.82396208024261,1,p69
51.426879127521445,59.98901035427557,0,p70
40.67284543858688,66.76407297906471,0,p71
37.34610581308759,68.57493747928346,0,p72
29.103926709381746,67.00319387323862,0,p73
41.71476599776106,66.45139777240209,0,p74
47.55076583401907,69.73044071349506,0,p75
42.154612382244416,58.02882125140362,0,p76
39.885039727490735,78.31875291413658,0,p77
41.80285273505935,69.47887858963684,0,p78
40.53063190735608,65.25986801941522,0,p79
36.28649196672631,65.96927231548725,0,p80
51.70800670786392,72.93313306556232,0,p81
38.31134759500569,72.46438777560007,0,p82
43.82398973602589,70.04495588867657,0,p83
32.276433756782886,54.92976584933262,0,p84
31.810582150027983,49.89416450702846,0,p85
39.98321194351286,22.006224966777538,1,p86
27.392595860930825,66.20128340186184,0,p87
36.958312143122384,20.25706148421008,1,p88
37.69257295063811,17.180290696673406,1,p89
29.65034606742801,64.96109054123704,0,p90
40.72940772766313,69.56184810470334,0,p91
45.97754605950436,17.70003023664996,1,p92
31.036994532526016,82.28355927389055,0,p93
32.00817620106547,68.64438378504197,0,p94
39.19822108323167,78.66471418381423,0,p95
38.77528170313214,64.70978388355009,0,p96
45.29892031651747,63.54484273075662,0,p97
36.95852640797379,67.83579513571952,0,p98
36.15892564581327,70.6499143079878,0,p99
37.60099838431261,64.38405911544866,0,p100
32.503752513572216,73.3773069067023,0,p101
33.77339899262134,64.28932800524193,0,p102
61.55216565918666,77.83702438004204,0,p103
46.82583813392426,68.97059832948503,0,p104
34.66423724798045,20.95895547775693,1,p105
33.06025355380585,54.926269204774,0,p106
46.82638340847701,73.50765918957892,0,p107
54.43767443470202,62.52726960022009,0,p108
48.8599548860529,63.936776062498495,0,p109
47.581358702226936,77.37661436424432,0,p110
42.020855404959,71.82225287139855,0,p111
44.05743221249503,72.28057421607517,0,p112
39.68089788551151,71.70337614525884,0,p113
30.56270204526001,75.202848658159,0,p114
33.01130192568196,72.11254329873626,0,p115
39.506508553586364,73.40551150678341,0,p116
33.51148669895342,69.5833225075674,0,p117
41.10244499642291,19.05941094148281,1,p118
35.40667749233283,21.542764268053503,1,p119
33.004884373935624,66.46657555140249,0,p120
25.527905299720864,69.37615972341048,0,p121
45.777914442916206,75.69456745200446,0,p122
29.647619018581096,71.28351943845409,0,p123
35.26525388558511,82.6065830303757,0,p124
45.68768075675938,79.49368019999577,0,p125
30.0924048056471,67.05548274064249,0,p126
31.532136800112248,74.19950110997343,0,p127
44.59130543570833,71.36315336303143,0,p128
40.57598792492797,77.45836262545745,0,p129
48.94365427051898,65.8590002781492,0,p130
43.05591862910367,76.32754388760337,0,p131
32.683548525170714,19.597162513441088,1,p132
50.71525582640588,78.53133296188122,0,p133
40.11471398488008,15.654225756099368,1,p134
38.8087076423255,66.82740365470907,0,p135
37.22372612182124,20.766151267022952,1,p136
33.45192908568783,77.60187481322522,0,p137
39.06187983328957,70.10281736310438,0,p138
40.17979789079899,20.83213081387457,1,p139
33.12258824523183,68.42756795002083,0,p140
45.61289552611535,21.168842532112716,1,p141
39.736557083026064,77.72311317411565,0,p142
34.27260781604385,69.97637879812333,0,p143
41.38659332537498,68.9894771165324,0,p144
42.45633293126458,24.61379575523766,1,p145
43.70734657546646,16.786838961052855,1,p146
54.52682610837686,65.17568527337302,0,p147
41.55493640143599,66.64875964835566,0,p148
39.75720578829253,71.63950312775565,0,p149
37.972875762515166,20.102457252464077,1,p150
41.11631641782059,21.167477587003788,1,p151
33.50852806066598,71.6685828791435,0,p152
39.85368884225096,70.82129168316148,0,p153
41.49466524549035,23.4204471155638,1,p154
43.85036469317186,63.22158881595456,0,p155
38.23202294024788,61.26551772624605,0,p156
42.53145217533344,65.48416171776412,0,p157
37.3951218043709,21.603887258367305,1,p158
38.68984079187821,19.80160215612253,1,p159
37.64204190209505,15.856866190538677,1,p160
41.70660499639839,66.0514495848429,0,p161
39.37185013998941,80.0808205081463,0,p162
57.68852698111535,66.28391858955776,0,p163
42.475294794002906,17.3986093528673,1,p164
41.49865620891143,61.27982854901609,0,p165
45.83745508184233,73.21426055459905,0,p166
43.77129194712458,63.55528484844444,0,p167
46.98817628703572,66.97865781097366,0,p168
32.830692229695565,82.97864796433932,0,p169
39.309883074010166,70.13194736061394,0,p170
41.95135027760842,15.490759094720543,1,p171
41.40769332700477,77.35458077205328,0,p172
45.40189097453841,50.06020165558947,0,p173
42.64699918697023,18.64372900150076,1,p174
40.79289287376435,59.93205415177843,0,p175
38.31772221289305,67.37625434715282,0,p176
35.538290108854376,78.32311571775287,0,p177
34.22151962245242,67.75029910842905,0,p178
44.47111155420429,61.99896561088661,0,p179
32.56324530297184,72.99814968045354,0,p180
35.66843555159937,13.111457140588286,1,p181
39.615741995686,71.9988785240036,0,p182
40.67954284543628,76.78051493373023,0,p183
38.68970728828535,15.180268697783962,1,p184
46.890256789336085,68.50207809042143,0,p185
43.6358319561592,20.783751593701567,1,p186
33.17722830840875,75.50959222619717,0,p187
41.64665150595209,19.235132619338906,1,p188
39.3087978573827,17.227300567195087,1,p189
42.26217399929347,68.96678189590932,0,p190
41.79220814019713,76.8788368876186,0,p191
32.363234988493616,67.1242999843179,0,p192
41.64930190675996,75.39605635720876,0,p193
31.59792515060957,67.65849134911336,0,p194
42.57101119380938,82.86728573756585,0,p195
33.16888722915867,77.37549257625487,0,p196
41.04302945061501,18.53831430765934,1,p197
45.05170444830264,62.096637601479394,0,p198
39.08120123035387,70.53796318071137,0,p199
48.7225963474834,55.48626837314296,0,p200
41.82016917740855,19.45041014383884,1,p201
44.51763164709603,79.58042090272644,0,p202
42.434189663474776,16.555210133742143,1,p203
46.97233380064071,64.70243438001377,0,p204
36.2996832277517,74.10454813128565,0,p205
40.407461029122,61.99920791518564,0,p206
39.89283105578903,74.05504049720761,0,p207
31.66087551958146,74.59587526043681,0,p208
45.02035627089561,24.021383155371044,1,p209
47.16843768068024,74.14768864440828,0,p210
38.73664060486562,92.35175297491402,0,p211
40.45132090367084,56.1717340355229,0,p212
38.76136940754166,64.41191928823082,0,p213
42.55269388650392,19.58788463480181,1,p214
48.25608084504901,66.71577043526706,0,p215
42.23257591449981,19.45632748034569,1,p216
43.50642031337067,63.157113286410144,0,p217
54.43052503645478,78.458563614152,0,p218
44.28941733543799,62.62609105778441,0,p219
28.607202934817863,70.33659462662968,0,p220
51.10211771301746,61.33529150821206,0,p221
31.717190411339573,55.7253747556793,0,p222
29.103595785332672,74.24206965941947,0,p223
44.29916690030397,75.30255397033113,0,p224
43.052984400530505,20.814485932476945,1,p225
41.84731344931343,23.611653311506448,1,p226
40.76576356223425,75.08036636729085,0,p227
45.24875171261626,24.14436223607146,1,p228
36.77552860328149,77.39985558353241,0,p229
39.67155594784571,73.33928579056185,0,p230
30.431849111092053,68.42664218675121,0,p231
44.85163772490587,20.31306781256964,1,p232
42.86873059849959,68.3111964176702,0,p233
35.83037094169556,79.62106665219572,0,p234
28.3141630321504,73.80352134665955,0,p235
35.795529170568365,67.95814375144707,0,p236
34.12547733744153,67.8355133690415,0,p237
41.95978038423874,62.121576668911366,0,p238
42.05150731309077,64.99954007381542,0,p239
40.421611469587184,87.242694787397,0,p240
41.37564818791029,74.96302630311959,0,p241
36.05026680939828,71.29185912237926,0,p242
40.49428252370955,20.152663105568053,1,p243
43.191214404571255,85.1550164143076,0,p244
41.47712227041833,69.32300821690725,0,p245
43.62361314328386,64.91979330792574,0,p246
38.93787786717693,18.279194681309296,1,p247
41.05293233600504,72.55472701726357,0,p248
29.14535598253707,70.4799408236422,0,p249
46.42821624201619,59.00649577463776,0,p250
40.796087048198885,18.251724027165253,1,p251
30.702697657710985,71.37802865108387,0,p252
42.17635295918603,80.32749351864686,0,p253
44.39253171625731,22.990576320397423,1,p254
35.98418260083025,22.078755869094834,1,p255
43.57841819667487,79.6156098161407,0,p256
39.605582212985,22.47814151432452,1,p257
38.48746050697699,19.75543198069506,1,p258
39.82951785417312,84.99589251028304,0,p259
43.59174058723258,68.18317325691258,0,p260
51.285947805920514,79.20440117508834,0,p261
37.62274023700012,19.07611541108288,1,p262
42.269164467419095,69.0889986194262,0,p263
54.09371073268636,70.95574731757917,0,p264
38.46229678513742,72.49978800058223,0,p265
49.73145284312119,73.90467214446304,0,p266
43.1173353622608,19.77270714039362,1,p267
47.601268960821045,73.32288763015967,0,p268
42.67114949055936,21.7256150483197,1,p269
34.37427802421188,81.47381763810847,0,p270
41.86935186108481,76.22741556936406,0,p271
32.495026916100755,49.55054661553775,0,p272
45.81235071580972,64.00741321863794,0,p273
36.57392390237244,77.30912613948351,0,p274
40.88267238704048,19.29677659905104,1,p275
42.14614394632373,22.1545571771238,1,p276
45.75442111996143,83.27755087857763,0,p277
35.06959416620069,60.14077092545509,0,p278
40.79959354063428,71.05211233023314,0,p279
27.54895825767005,80.47231018042429,0,p280
39.238678960802,72.81198205469259,0,p281
51.47975170559975,75.19489243750324,0,p282
41.901051860367616,61.06275996925783,0,p283
42.01144185172364,16.784428300879533,1,p284
47.86237927308993,16.66409892267751,1,p285
38.94961089077231,70.8790351743008,0,p286
39.87152985606527,20.174068204425183,1,p287
40.69532613800458,75.25970986360252,0,p288
42.76116499664808,67.05310863425817,0,p289
42.60746819316782,22.661872511800222,1,p290
28.008058296363856,79.4771066191579,0,p291
40.52563425672554,28.95577700781023,1,p292
53.17417147532524,79.41794032308485,0,p293
36.113603313147614,83.16809948608413,0,p294
39.42494175125202,77.82107082111689,0,p295
44.745481099374885,66.58462014298009,0,p296
37.83478733998824,20.530462616418195,1,p297
38.79160890041426,76.18561956240671,0,p298
39.80886822343048,63.467124286487625,0,p299
36.2826787730383,15.59742420274268,1,p300
23.45947295120713,62.93188506703044,0,p301
41.420896230434366,17.220856610055385,1,p302
35.706181355213424,67.8827121945831,0,p303
35.78805371439422,82.96594729156257,0,p304
39.33039323609558,24.469590315806247,1,p305
36.57805404749608,62.16267796697692,0,p306
38.18670497925508,68.62555105640516,0,p307
47.22291177628044,59.6010773887412,0,p308
39.82481128878399,75.724364094402,0,p309
39.65375403243297,74.72373644516622,0,p310
43.75556890499283,63.71072412746274,0,p311
48.3223936003225,74.95812693040745,0,p312
30.970273701812623,60.93444859555469,0,p313
42.6606621702919,18.73771461895684,1,p314
39.297940422679055,21.399075123339003,1,p315
37.55943505914499,67.555196069771,0,p316
37.39101075617592,23.376304353244308,1,p317
35.24205006328613,14.360226844582863,1,p318
36.91968859312112,70.91518404100263,0,p319
34.07244397352117,59.39606942719895,0,p320
43.265009877034686,69.75050962391761,0,p321
44.87471213219701,76.68713645999358,0,p322
51.057005020114985,66.33997980992712,0,p323
43.352196447707385,24.34549768967878,1,p324
29.64989627954111,78.00627830244851,0,p325
40.91145578681463,22.164687515378432,1,p326
21.121793499409,69.61993593437532,0,p327
35.92823360235949,62.896702885149935,0,p328
33.31414194455453,72.96519345915422,0,p329
43.65359095931829,72.0788927126323,0,p330
31.173812319654683,76.42503362938344,0,p331
45.31250012850735,71.96833996778562,0,p332
56.823909096667926,69.5966684207649,0,p333
41.571162729919806,77.32968811828508,0,p334
32.91018215765904,72.19973132816692,0,p335
38.89216858226139,20.430165402026752,1,p336
43.98288155429693,81.39877636189976,0,p337
44.70801590841912,83.29917354426651,0,p338
35.7904264923415,72.23847353899775,0,p339
35.47825074612825,64.40565595344822,0,p340
32.49079881982136,71.67472804877805,0,p341
53.75307593041472,70.2468448638021,0,p342
44.44305027993239,77.76789889369357,0,p343
41.30736735133955,64.71231947352675,0,p344
46.39509238363274,64.37774734523758,0,p345
42.545292646615856,13.259331998046184,1,p346
32.91526937317883,58.416003296939614,0,p347
41.44674685804197,16.287012733018106,1,p348
39.49592914893766,77.02473028524417,0,p349
42.79456185823695,74.53037157791918,0,p350
36.291678573630726,73.59287203179349,0,p351
35.52726776617349,60.73837144614751,0,p352
40.062659464887886,20.69210271715605,1,p353
48.49168389985428,70.99201839547933,0,p354
39.381459285562656,67.4099227908251,0,p355
40.84190921347041,25.2758614525854,1,p356
45.762194087733405,70.51322577031883,0,p357
52.94269266461742,77.8859552068343,0,p358
31.64454217770464,76.43407921527,0,p359
42.49910840175533,65.14963283317542,0,p360
38.83014800349512,71.9780596534181,0,p361
39.957503619220745,75.8694354211615,0,p362
38.11220981892164,24.601183129749497,1,p363
44.36883871936509,74.39841856484996,0,p364
42.24950050815191,72.953445279647,0,p365
45.16926605996788,71.19957796832979,0,p366
38.27756258309036,64.09727383278666,0,p367
42.59802111359916,65.77210369298926,0,p368
41.5727930802632,76.52813582311163,0,p369
37.74124112810505,68.24416888481467,0,p370
26.90445655281901,67.53940561171083,0,p371
40.884657056824885,83.572502993408,0,p372
36.675382821873306,65.42669537198401,0,p373
35.867147497737285,18.30567798748717,1,p374
41.5922195422289,79.149999279977,0,p375
38.68999014496816,76.90010996975904,0,p376
34.197034923545495,66.07873271862121,0,p377
40.78768398700578,20.580769734102635,1,p378
36.8814823501946,80.1736913398239,0,p379
42.76540450593176,21.44806366162764,1,p380
37.83553646065096,64.73490516086592,0,p381
55.00760862527728,74.43743315622608,0,p382
45.093406805458855,70.3636212006511,0,p383
33.6740869748891,72.27051497205122,0,p384
34.152570627181696,85.01604389441371,0,p385
35.20562694434876,21.38651799824583,1,p386
38.38345828853925,74.87344455369393,0,p387
42.0549055251664,60.503927367636166,0,p388
44.429473062744,85.89485000463077,0,p389
52.09280219070498,73.05426568771823,0,p390
41.4760565439784,18.42189547199726,1,p391
36.73826218341159,16.742524613344443,1,p392
39.90551942683446,62.5960234973087,0,p393
34.34054477974769,66.48770069490824,0,p394
35.85324253032792,63.95206461224129,0,p395
35.63361727512937,83.3982194770675,0,p396
40.472697432815465,60.0267626965058,0,p397
39.31420025397995,17.016951876174463,1,p398
47.53204997019019,70.1491815407036,0,p399
30.94146353253753,20.551548634261085,1,p400
45.55985275735279,61.219974037815255,0,p401
39.38202566154121,88.05796536358022,0,p402
34.65718590420238,57.365825295348365,0,p403
41.31850369186068,22.33680951053634,1,p404
53.0604215780133,73.31683044638251,0,p405
30.04732533280709,80.50933556368841,0,p406
44.96616271997328,66.9515954060111,0,p407
43.1067359970236,75.42243837400535,0,p408
32.88924726715122,70.43175894893581,0,p409
46.97386773612998,66.54370391787081,0,p410
35.01007952125985,70.74501159384327,0,p411
43.58232820914212,17.056503406580955,1,p412
46.64687894808927,59.60571422085067,0,p413
54.51857868824982,63.56430785889504,0,p414
34.58347560627499,61.28741707682008,0,p415
39.86253540751324,73.86742968092004,0,p416
33.42465224326872,68.99138710994869,0,p417
35.36163368737908,73.99419068015212,0,p418
38.93750433475092,74.11822044539204,0,p419
37.47323683926644,78.11530862354974,0,p420
49.13038170014707,58.36255608375028,0,p421
31.23922403066689,80.10635222851282,0,p422
34.70554478300988,60.04422403281628,0,p423
39.10457685963463,63.31121691579702,0,p424
43.5973549476124,71.25707247357718,0,p425
39.53230546619,18.3551381105282,1,p426
36.23047931716223,22.439615560243933,1,p427
47.26277960980529,66.42988520801677,0,p428
34.452354830971096,69.19684490973171,0,p429
39.77072710848801,66.19602660206364,0,p430
35.96260068602167,75.28773858078029,0,p431
33.06624572408518,66.0359158927806,0,p432
38.520631532800685,24.33089601040644,1,p433
44.43643816652469,72.89659368216049,0,p434
41.24390700653278,60.65258948902929,0,p435
43.45821130397917,71.82471636076735,0,p436
30.181763097402147,82.24703720230858,0,p437
38.07553927286707,21.46361685461322,1,p438
38.28228318797991,64.72384684949758,0,p439
39.01631585046125,20.465572051576935,1,p440
33.81299794659207,71.0760757416187,0,p441
41.42907330806866,21.51641047749988,1,p442
35.509628833439336,73.02345781271758,0,p443
52.12760499639565,85.61910102334842,0,p444
34.88743357798004,71.51521012707383,0,p445
34.82257981362821,17.967306042993034,1,p446
38.21515947805401,80.52795092007882,0,p447
37.84555235532899,71.53405229364758,0,p448
35.53582011024079,66.28302131498728,0,p449
39.6173526388674,24.533464790742045,1,p450
45.27339134773173,72.66810869417944,0,p451
44.25880901354091,18.198729302783885,1,p452
42.92745015803413,22.75536333182724,1,p453
40.26597277288431,20.591947122216787,1,p454
42.67059523337436,23.105748004171257,1,p455
40.305217124607175,81.86535728301527,0,p456
36.83385576525647,53.0328447135973,0,p457
50.6618685408876,73.7723703057926,0,p458
39.49879118410155,69.7394443444311,0,p459
31.993916548755365,70.75991794043566,0,p460
42.02842399827489,84.52780559051807,0,p461
47.639170844159885,74.26396684635024,0,p462
47.40897140794712,57.6888235950382,0,p463
41.89319778045887,69.64833323385604,0,p464
35.62626995613025,70.18263735147583,0,p465
35.085628342858534,67.70636497381562,0,p466
34.51722695364634,67.74556938656028,0,p467
34.97089045123295,68.50586993801707,0,p468
36.72609159081676,72.42552717211501,0,p469
46.434602542026425,65.32299140122704,0,p470
38.19836423803658,58.31991148285688,0,p471
36.24825588420166,75.65640458796801,0,p472
40.09750504339063,69.83112439022997,0,p473
45.36256194869283,78.58853256719016,0,p474
38.47557940705807,19.556659043547587,1,p475
34.20686845545896,70.60300718132463,0,p476
35.19728806457045,17.51450892565926,1,p477
36.40293157864315,62.58550534677734,0,p478
37.84376001069981,75.45762372588538,0,p479
43.39312972106132,64.07550341506388,0,p480
37.313961032910925,18.775697482519337,1,p481
28.152747591996267,80.7068522362243,0,p482
42.639702757315305,69.79516030420515,0,p483
37.59988430680706,19.809426276153932,1,p484
46.48324283272149,83.36591648329092,0,p485
47.51542224901841,62.81439290412258,0,p486
39.163111209004576,19.16071949451249,1,p487
26.043850501999813,72.618395988933,0,p488
39.929343547377286,19.476937226291493,1,p489
45.69003483187272,74.40740189346529,0,p490
43.08010115037332,66.48562042953172,0,p491
38.05188088503572,23.96391209681904,1,p492
40.09839098623476,17.72451399589979,1,p493
42.3694748524609,67.09298460269439,0,p494
30.48100701314057,75.22377496219055,0,p495
33.24553577593927,74.80236021998907,0,p496
28.694077288661436,78.1531754812002,0,p497
34.91003976922592,68.26736955113947,0,p498
47.39239766346236,71.56267239890411,0,p499
43.35285878022474,72.33563473700863,0,p500
48.32629342247248,61.40674529404105,0,p501
40.20121376054372,78.94916303825109,0,p502
40.49036514179227,78.13314811825734,0,p503
42.72005023171675,87.45099662202954,0,p504
38.42773480619622,20.457064616101167,1,p505
39.6236372199913,20.98363857247807,1,p506
45.44852753316646,66.14169998570027,0,p507
51.62881450183509,66.80032620389609,0,p508
43.88923126202414,70.62706476878674,0,p509
43.71231440405242,18.62809503473963,1,p510
38.53683719899782,64.0463568205349,0,p511
43.45322530616623,71.29385286586411,0,p512
33.537367277223666,60.53820776068567,0,p513
51.78749384020508,66.78781015991743,0,p514
42.15927382644455,16.12018112638651,1,p515
40.03670589802728,70.32886415635319,0,p516
32.686335641852764,56.23550387436799,0,p517
29.0621790017942,66.29663125857594,0,p518
22.50415999588499,86.0365980081352,0,p519
29.320405798009336,78.83808872399027,0,p520
41.25925905807435,79.7440160044122,0,p521
38.58987355672149,20.797634688956144,1,p522
51.05448970855174,75.37204310407036,0,p523
33.7875547553853,66.93779189773613,0,p524
46.46818913444831,68.70568504489907,0,p525
39.92327706342402,14.692772285332644,1,p526
36.70273186067174,71.62434956150345,0,p527
57.92059176788156,69.32758070192745,0,p528
37.74855464147832,84.53723588492589,0,p529
41.16516545749139,73.44715884805704,0,p530
44.95676073682013,76.69691621756209,0,p531
40.48005467755837,21.505348208502635,1,p532
36.36648421215766,22.192292357199573,1,p533
51.15230638647578,66.4214902649817,0,p534
52.35817968196768,72.83487197672669,0,p535
30.356314424300365,63.43522472059414,0,p536
34.98224375578037,56.93424368048858,0,p537
46.26635254019413,74.44620261177378,0,p538
40.52803547231115,58.78623931671982,0,p539
39.206455476068165,13.98841290677974,1,p540
44.773670799064746,67.82813270384581,0,p541
38.32747530581214,67.43222911729718,0,p542
50.08891302346281,59.94896494174392,0,p543
46.09908108220071,60.57814223827276,0,p544
42.39229183044012,83.1331958745112,0,p545
34.089688546864494,22.67779201489793,1,p546
25.733128253755023,62.94339582357817,0,p547
40.34202049227993,70.28414183842717,0,p548
40.61884820404293,80.34271056738683,0,p549
38.71972491226612,79.6241349340373,0,p550
41.8666214321302,16.583500646657694,1,p551
48.3653264024739,59.33769166651358,0,p552
32.43260421714216,77.37206997333033,0,p553
40.62897824582388,18.525091443103857,1,p554
40.79462141675874,74.63491472164733,0,p555
48.10677611450048,75.54163885774055,0,p556
39.798465129851934,17.852720032667744,1,p557
41.977737005297215,22.812710412879674,1,p558
35.33872370195181,22.45366897407509,1,p559
41.1960580668956,68.71211664553124,0,p560
34.485513736642325,65.65406681224219,0,p561
35.177320406893074,17.711825664301358,1,p562
35.970535216335584,70.85406870251752,0,p563
43.06414988628819,26.26532831860977,1,p564
53.113084433522815,77.56033646000255,0,p565
50.83253640931044,82.57114371166865,0,p566
43.5349109528632,76.06028635919085,0,p567
35.08605818535271,65.35969357714336,0,p568
39.268855470237696,68.81824793766992,0,p569
50.853503449698536,63.01152171482846,0,p570
45.50060111055583,72.97820293249475,0,p571
39.10097005597964,19.849386148874764,1,p572
38.61863105784872,68.94108701442542,0,p573
34.319155999138644,20.639881122118812,1,p574
40.16953619670931,79.885543887908,0,p575
22.287987340775693,67.99797044683922,0,p576
42.51682150140884,18.14824044035923,1,p577
41.56739893845263,79.54898300981691,0,p578
32.739276919714804,68.66762925341474,0,p579
39.03786039760616,76.67012183042057,0,p580
38.54314424749907,66.54899345738816,0,p581
49.67511293726269,74.5409692131275,0,p582
37.13069086954597,21.417218833641133,1,p583
23.03031817808941,76.18831777452735,0,p584
37.30364785503062,16.00905912278303,1,p585
35.495151173777764,77.20972572306813,0,p586
42.268587785763565,67.30442403708578,0,p587
38.114152158888096,75.02279579057173,0,p588
40.4689350205741,73.6115745239287,0,p589
36.13699297875287,87.90739499967776,0,p590
53.19210414154226,80.80270469790533,0,p591
47.99975970160514,75.26353122880742,0,p592
51.809991445507954,76.17147829864615,0,p593
37.058692280329,68.02750773797645,0,p594
50.79476966797513,84.04265021711386,0,p595
35.44007397469886,66.61279916161975,0,p596
41.18552576825255,60.10399852166514,0,p597
41.37331859845565,25.02347730004261,1,p598
38.49107568834597,20.79046164599318,1,p599
35.6210610894333,72.77062473406187,0,p600
47.23784626483875,22.35381286369407,1,p601
45.0566695047944,67.39016793535762,0,p602
34.1735109882704,73.29990889470483,0,p603
33.079862249943574,62.27487477948961,0,p604
41.45867965563287,55.70785592102997,0,p605
38.57133737936602,22.623167542138184,1,p606
39.2214175705591,63.67264650974647,0,p607
39.821121503059885,78.20910313481555,0,p608
27.92557517240877,66.0639872953132,0,p609
42.32619808385714,64.76059424410413,0,p610
39.19046202328232,67.89227413087498,0,p611
50.85806382865766,70.80972244005001,0,p612
43.600236869280586,18.524292657481386,1,p613
39.74968609062892,15.651064340904409,1,p614
35.63801631502665,66.11166016587822,0,p615
40.0428192035093,17.138181741810065,1,p616
37.56742746636898,16.22726642325615,1,p617
35.61123059548563,82.6871399059785,0,p618
41.7118389916586,22.904553981598585,1,p619
38.70298638785604,69.09125510186601,0,p620
42.04615619713786,24.46173846600778,1,p621
42.36321863452642,67.11686123714273,0,p622
39.2488849919704,73.13401848067194,0,p623
42.79781566226849,65.44050174345719,0,p624
40.98023429380696,20.901423078832487,1,p625
42.67354816562087,73.01029153033748,0,p626
39.42988289499552,18.92766373156872,1,p627
38.45325078319235,70.18820087296172,0,p628
39.69023571955286,15.0704335665375,1,p629
41.74568578597529,81.04217295834432,0,p630
45.88434018553187,73.82713497740966,0,p631
39.76811118988342,82.56190504462451,0,p632
44.13458381484617,77.76092506408035,0,p633
40.85608252122599,73.80308620325472,0,p634
37.79311528751758,75.31278454345288,0,p635
42.31884401982495,76.82881588985651,0,p636
50.69927898488772,73.55485029402736,0,p637
38.83017343778202,71.02699580503327,0,p638
37.71014168746426,20.113813506342805,1,p639
40.3176833593457,21.75323894141745,1,p640
44.16328039165701,75.97390891146216,0,p641
30.758367550855503,82.82021136098048,0,p642
40.57280550983295,69.307772427662,0,p643
44.77324042738418,82.92695128015224,0,p644
40.00158387656979,21.803620246787343,1,p645
40.55044633221264,56.01259520827524,0,p646
34.466678811882815,73.30027849995197,0,p647
36.74454842032661,17.523768410063134,1,p648
49.2973589929434,73.89361006580462,0,p649
32.54420435847239,67.86342706951733,0,p650
38.60678721307184,21.386182679755688,1,p651
36.84954169964529,74.35994952643249,0,p652
25.05028050214913,91.96423973561996,0,p653
26.873792712479787,70.80518255403192,0,p654
35.717616363663005,69.74074242066112,0,p655
43.15584285316876,17.005818118056762,1,p656
28.75487575819699,71.42424545107056,0,p657
54.61862293346509,69.02287260291378,0,p658
38.41464775668931,72.57155854771325,0,p659
47.8687890399021,76.63268523486,0,p660
44.379671434355046,63.99989710508602,0,p661
35.316490829380584,77.27933281177253,0,p662
42.894044322565904,83.13757068790646,0,p663
38.85853125239365,64.78568148635486,0,p664
41.90625409062768,16.282224815439584,1,p665
41.63650138253524,59.10873047657461,0,p666
45.69462052158769,61.38394978496231,0,p667
42.40532802697923,57.65871891246086,0,p668
37.5327402028534,23.363092001973413,1,p669
38.4512246348996,68.06230690077756,0,p670
41.1792268338873,79.22318274925571,0,p671
36.78447370321829,64.05108941374645,0,p672
46.671875317632605,73.59159794068105,0,p673
42.488424525795246,19.41852158368159,1,p674
32.85137028008501,74.95849513109548,0,p675
51.28554439778797,76.27787521105873,0,p676
35.710479166609296,67.28608908044811,0,p677
39.80739566464555,82.4057611766882,0,p678
33.3542077781764,88.42667445386174,0,p679
37.2827622702114,71.19291355662841,0,p680
51.49410612095458,77.06871962539844,0,p681
40.87657151853535,66.99416121212323,0,p682
39.94419151078368,80.35960897223018,0,p683
48.86837804430636,65.04631374066854,0,p684
47.20408946127951,73.3081823768913,0,p685
44.83100794197779,67.19145669679915,0,p686
39.46028803410127,72.38806382371651,0,p687
47.2278234303916,77.88693595779309,0,p688
39.44251026127999,73.16660257374814,0,p689
37.95732111759119,59.0576643391234,0,p690
39.06082590843054,19.997874216270063,1,p691
33.539971240386265,23.291458135261088,1,p692
34.27245521736569,84.64671092979822,0,p693
30.396691999480502,58.705070214862815,0,p694
43.76807255334743,77.50755136116861,0,p695
38.665223194656576,71.52203011225807,0,p696
45.194667604065145,72.09504806284545,0,p697
30.071439869468776,57.674338316134566,0,p698
38.43573812339704,67.55478242717261,0,p699
32.95787832950209,61.50067971048588,0,p700
43.64785699865537,74.5165091016504,0,p701
36.69647693947397,77.62265417877157,0,p702
36.08754706909888,72.64048312545165,0,p703
48.40849745514761,67.14347238884915,0,p704
36.12321191468315,22.069123415735582,1,p705
36.71367929845533,73.79792030510175,0,p706
45.23105523586283,74.27259185803425,0,p707
26.144901327369485,75.23537179282273,0,p708
33.643831471351525,60.11387409065296,0,p709
39.581661172957,18.64943220544577,1,p710
46.09787292402184,67.7178352748251,0,p711
41.81917955973896,75.47276010244117,0,p712
35.064917009691136,69.60961645639605,0,p713
37.75756884263976,72.96916162481341,0,p714
36.26284787066085,20.164802332999543,1,p715
35.18294758375593,85.76705063741016,0,p716
44.10685661032692,66.67567440364233,0,p717
38.84808618414294,20.750600618755083,1,p718
36.24877679809085,21.8135459790661,1,p719
44.452348085607895,21.06684004635698,1,p720
49.02826927857922,74.71226945888971,0,p721
41.65442882571857,21.02176764920149,1,p722
34.72224787793326,68.03527446193259,0,p723
55.1965990224847,68.76879931297364,0,p724
40.474988573691824,75.96941572585554,0,p725
48.14214626508472,70.0716314271371,0,p726
33.23116699809551,69.66602050700614,0,p727
51.65832111123804,77.1005904551269,0,p728
40.122757526187165,16.99343763265558,1,p729
44.55140824571063,69.30576895354432,0,p730
36.8749646981463,71.35862995028815,0,p731
47.70671744499,83.70843217954416,0,p732
35.28556563029292,71.95295913556662,0,p733
48.255080288446784,70.47262936987076,0,p734
43.21980500057381,65.25599241173526,0,p735
41.50199716414363,20.14932106154288,1,p736
30.21002698326601,73.940784656834,0,p737
40.1715712198126,73.48598803871815,0,p738
46.74363290471025,72.88946648855548,0,p739
39.01414457275305,21.80956229324703,1,p740
48.402897355610975,65.40174004720024,0,p741
42.222473036260375,18.46035930058525,1,p742
36.28819667139292,64.44989017416358,0,p743
43.60533380414233,96.96912043458305,0,p744
32.1873584301186,20.59684444038948,1,p745
39.04045743023547,20.45527397674622,1,p746
37.65657267525421,67.17446075730602,0,p747
33.97710644301233,67.30811119039122,0,p748
41.71617232514243,19.813426949002068,1,p749
31.809208817584484,57.38613693693986,0,p750
35.43292244134633,23.338065124969777,1,p751
38.87907043103352,74.69938053515327,0,p752
42.15635377652872,67.25846002804747,0,p753
42.16183108819275,81.91550461244667,0,p754
46.87235840894116,67.72618031543965,0,p755
35.473989810302314,62.42916397469924,0,p756
35.78451557746754,73.28141979252517,0,p757
41.27306378540947,71.73754410410235,0,p758
25.824001893396748,71.30518020338599,0,p759
46.41429372291737,72.42541933128595,0,p760
47.21699665747165,76.5189608338134,0,p761
45.60286667659378,75.28003930869502,0,p762
35.87444670139052,75.94721467914717,0,p763
32.092756782949365,20.010126519791484,1,p764
38.25984027588987,20.71821350160613,1,p765
41.04067220041478,67.64039820217373,0,p766
38.92069406263274,16.021856941753885,1,p767
44.10799965660189,85.33318938066985,0,p768
48.4455627655585,64.28145030308934,0,p769
34.99287403518022,74.75718424254273,0,p770
46.29719912803276,72.15109664613627,0,p771
41.235090886940576,67.43080512641674,0,p772
40.00062119475459,19.97209903658416,1,p773
36.911885475453786,15.941989142469396,1,p774
39.21370365216419,68.45321280326743,0,p775
38.52208832820614,63.08974330994171,0,p776
39.11809915700745,19.7852022444258,1,p777
41.17724790153631,18.473109122877503,1,p778
39.97478222636602,61.8914471756522,0,p779
40.30668030385377,68.97098598860057,0,p780
36.32835813604159,73.42562192859543,0,p781
46.7539614316822,81.30907976483762,0,p782
44.26824440829982,22.778646206724776,1,p783
50.12884519047613,71.37588343558102,0,p784
42.42136778991193,17.079361400886594,1,p785
39.942218860796814,19.211327512375195,1,p786
42.82611063235627,69.83063075526358,0,p787
49.22175845944028,71.3831972328468,0,p788
30.58884642276006,63.56943637461061,0,p789
33.36441426601148,24.600301103888977,1,p790
32.62422306597552,62.52537954894565,0,p791
38.20746941592508,24.26710958509552,1,p792
46.74715381756437,85.47366101113946,0,p793
41.39341786901429,65.79848185988844,0,p794
30.15577775429716,69.41826099159914,0,p795
50.34525831319061,66.37210847208446,0,p796
35.101921444051904,71.49785937513956,0,p797
46.67801234445241,74.55973875914059,0,p798
37.6495071049691,81.68315067702575,0,p799
35.437147245384885,70.33179069921489,0,p800
37.91586060673283,18.77215268566069,1,p801
38.50589990348855,80.43508295794966,0,p802
38.120285464659176,63.76165442209299,0,p803
35.44637875995757,18.92891239758017,1,p804
46.65215314381503,81.97429360807348,0,p805
40.48861459493013,67.30280482196768,0,p806
38.64025477293096,24.35740260341224,1,p807
40.14555595372786,64.90397941139607,0,p808
41.81805751205037,63.66978362426914,0,p809
36.242819666760646,21.090895647874905,1,p810
41.21226648095828,72.69722165810185,0,p811
39.15336295974553,72.9367271073492,0,p812
46.16963069448863,16.607334694022253,1,p813
43.47699907107863,69.03214989180171,0,p814
42.8577692900013,58.08191477033512,0,p815
35.646472929845324,19.963733156461835,1,p816
46.43353538091438,67.96807819067944,0,p817
36.99488442837918,65.153053140883,0,p818
32.971014632735525,64.6254170442711,0,p819
55.101157492858526,65.75999553897663,0,p820
37.25142425355627,17.504533375308664,1,p821
39.432638827668896,22.764950335773374,1,p822
39.55103157384905,72.30133687212437,0,p823
42.39907742464393,73.19727253407649,0,p824
37.2981377960564,21.915175776825148,1,p825
54.39344990958226,62.277541439948216,0,p826
42.25902992236663,64.20938339513374,0,p827
31.39315283883308,73.47689456265566,0,p828
54.931233622593865,56.335385403342485,0,p829
36.6656261291889,20.73951433529601,1,p830
29.86390269708629,54.60835830365943,0,p831
51.29597888341053,73.17474011059785,0,p832
40.23858427781458,64.6101873825895,0,p833
40.39654947427975,73.70784928049711,0,p834
31.29295735226101,65.14966361542865,0,p835
34.24445723103498,71.70581048044339,0,p836
47.74956468500881,69.15733185232482,0,p837
30.14741813697525,64.55528318686387,0,p838
43.31266337201481,69.4901976114019,0,p839
45.40153354453256,23.716839058818312,1,p840
35.93633585136694,74.12004883094427,0,p841
32.988659930735594,68.03229794979832,0,p842
29.003866935520502,62.11262771763136,0,p843
38.71226673910402,21.76565980931216,1,p844
40.12892865432686,81.73506118592698,0,p845
43.659848416248494,65.98409997242995,0,p846
41.26715091092595,60.922176364309074,0,p847
44.9575009627959,71.63251291884451,0,p848
44.533819766704845,80.66120899485618,0,p849
43.70862924540698,80.0909803446053,0,p850
32.671623121226425,73.756569267691,0,p851
52.92645897233366,62.50940663571693,0,p852
41.6938177776808,16.941006983923653,1,p853
38.26975832235582,65.2261102640154,0,p854
38.87441085902819,19.0468547097313,1,p855
42.09648526060761,21.262918833168168,1,p856
35.946776901375934,16.03262612976929,1,p857
56.20260996671456,56.92914365185776,0,p858
29.32132380352683,65.15664351083129,0,p859
40.39007438602086,77.65934062929664,0,p860
39.29892146464033,68.57428374876123,0,p861
39.86406275878587,67.87774152016007,0,p862
38.78937758053604,81.9819593609964,0,p863
36.58675643149255,66.97209268526265,0,p864
34.590223498236995,68.34226975281993,0,p865
47.60050427457543,70.68588207429627,0,p866
58.01351862274902,70.41452903810142,0,p867
38.653473246532144,72.11083139633529,0,p868
22.698488499108976,64.42173321170667,0,p869
44.499059319072806,79.30406771092701,0,p870
37.60118684143756,67.39991393802946,0,p871
46.02331441851822,65.91845793001742,0,p872
36.00174707152042,74.00807946949311,0,p873
41.12922857829255,17.29384533692747,1,p874
42.3161616255012,75.83470273126247,0,p875
56.23530677987186,72.75322487576061,0,p876
46.09047411482128,73.46977321580823,0,p877
33.65987389396167,65.42363562945826,0,p878
41.17208776278443,16.02058361506675,1,p879
38.635642037531234,77.93639067806946,0,p880
35.96238722958036,17.542226420835508,1,p881
45.88450484292107,65.43163214488327,0,p882
40.73762854302172,60.66182153557257,0,p883
38.41461130805118,63.28392534293564,0,p884
48.66798150003545,70.14890103715243,0,p885
40.98620372837843,57.62092444106004,0,p886
42.28849161634914,68.46629629833795,0,p887
54.85509337908843,77.22725682385803,0,p888
38.188427561330286,81.19053019353302,0,p889
57.12026385731778,70.90454827382659,0,p890
48.29992908264098,75.03267317465547,0,p891
37.25769295669325,63.54312870851048,0,p892
40.33965139561379,64.18334918512274,0,p893
42.282931155694826,61.24220496530288,0,p894
34.67129430130504,21.225958434442013,1,p895
41.36069011104135,67.52783595032518,0,p896
46.00361736241413,68.88043029025602,0,p897
41.753449952421136,72.42513746647883,0,p898
30.570115973292125,63.19870173042544,0,p899
36.7377444869223,58.837078529132434,0,p900
44.42685417338865,76.8078811473871,0,p901
31.68681106679341,72.16874497158919,0,p902
47.21198417822289,71.6715241131856,0,p903
36.042258416203694,19.39105808781303,1,p904
36.756076150312765,66.7398917250082,0,p905
40.68373268984183,64.58893151301173,0,p906
36.94529876631402,69.23273137251918,0,p907
45.55442104386549,57.760276187332735,0,p908
40.00361642608667,17.54873410679543,1,p909
37.4453308931998,64.12553232862696,0,p910
38.367657993657424,19.51162128178312,1,p911
35.51041223472976,18.049928196779305,1,p912
38.92497954393633,18.05737458309452,1,p913
36.742826802539625,69.25836151987104,0,p914
34.50571180842432,74.53796303690702,0,p915
39.42123519910111,69.14776744131701,0,p916
29.39366256461013,79.56811987211168,0,p917
46.07292886986056,15.910477986221569,1,p918
56.09228686533476,67.46013007692238,0,p919
42.58071316211031,67.24662831370847,0,p920
38.18241753772332,25.15813371862189,1,p921
38.87100001833794,72.82835599770176,0,p922
39.31060110827442,17.44578069721906,1,p923
35.36749474662128,75.96703334357356,0,p924
32.14094584906391,72.67686822328835,0,p925
34.121947104734566,65.80425148189184,0,p926
43.18062972249664,28.278980116733237,1,p927
42.086613272697335,22.547306332229432,1,p928
43.05856718822445,78.33452392350439,0,p929
58.51040342911924,59.47920770123393,0,p930
43.00171550231401,74.851739250842,0,p931
28.74761735807141,71.29243700972613,0,p932
46.986070769017566,49.726212352644175,0,p933
17.31112861951649,62.82928651065997,0,p934
43.367064622157,71.56718816995392,0,p935
40.06739767843614,21.64135734552563,1,p936
47.04404966450108,65.96175691333796,0,p937
41.4990553309088,21.41600681275782,1,p938
55.07227720258089,64.62856705978365,0,p939
28.1493023006323,69.31162261243675,0,p940
39.47896599629968,74.34470468285474,0,p941
39.250787480318095,62.75330374306438,0,p942
39.47243678670379,24.98441049718405,1,p943
35.421470218108034,57.1855697220048,0,p944
39.03799712332842,25.38563406773697,1,p945
36.876715967496544,56.773214883381286,0,p946
36.21950570448226,18.15091577588157,1,p947
42.56618772267794,63.42084149570852,0,p948
44.97671977742444,73.10984318040228,0,p949
50.158005254565296,76.71489578259644,0,p950
35.495372387339,76.49488089656866,0,p951
38.747899559184745,19.114730257286283,1,p952
39.31182776779592,19.86956915055841,1,p953
38.42600812734345,65.44998193423578,0,p954
45.75781438472232,61.454094450202845,0,p955
37.2552429280749,59.755395363075166,0,p956
33.09991767565119,73.52832560862491,0,p957
48.54723586867747,74.07468392428031,0,p958
38.117779166116186,62.25431863880831,0,p959
44.08749729728175,67.48495536449059,0,p960
41.99893750272764,21.38777387856185,1,p961
21.66178427137179,75.75331753062656,0,p962
49.94352973592898,66.00477594375367,0,p963
42.371115688155136,21.020153883706676,1,p964
47.46672282712408,78.18506913311971,0,p965
28.83900638843943,65.80437483932359,0,p966
43.43682466146776,75.14414450234872,0,p967
41.983015100823,68.18766518407146,0,p968
48.11016905305183,64.25522377153803,0,p969
39.03080811211358,61.42991234597445,0,p970
50.5164993646722,70.51866346293842,0,p971
35.177016918645826,20.55422173668717,1,p972
43.28940770143265,18.122968137511364,1,p973
43.91853313551728,77.56546507888235,0,p974
32.255655181957806,61.6265536314353,0,p975
32.99768072776098,65.25578520632604,0,p976
50.33578244808127,79.66063947903216,0,p977
36.176288862232624,72.74262803781782,0,p978
44.88756319529513,72.75439769795224,0,p979
49.21980547137906,69.17352031106245,0,p980
43.14195311986435,23.50876997728332,1,p981
45.849844784456,62.09205201739668,0,p982
42.46013745279108,77.491051668215,0,p983
39.72311392300342,74.77050488160837,0,p984
41.18058270376709,73.09358454698587,0,p985
32.26006732059845,68.49555278797885,0,p986
41.88388858871575,67.59765407151812,0,p987
43.21893414329804,27.09161748385808,1,p988
43.80520108216103,67.40569967539726,0,p989
38.39259561084311,14.87792612722116,1,p990
40.09101324314535,80.17473854010122,0,p991
24.937292190694865,64.96592676530307,0,p992
38.02565053277423,19.088821913670007,1,p993
33.85412189270407,64.21183752172098,0,p994
39.5612463190878,76.68599624350867,0,p995
41.56864737267292,70.08814680547256,0,p996
43.635425599688205,80.72917239101804,0,p997
43.99623357485217,77.9489594812642,0,p998
43.84493138501131,21.67307318217537,1,p999
38.83860805063146,19.863766346203285,1,p1000
39.006074850450034,18.16328979647675,1,p1001
41.44559818515548,21.6417943921339,1,p1002
31.62881856575371,73.11221867754098,0,p1003
40.54157815353333,63.97101059070216,0,p1004
40.69755955561349,66.4756704211866,0,p1005
41.96694307414523,65.64110336125584,0,p1006
31.44510533775638,74.99098901120672,0,p1007
45.74337526838155,73.55091821775109,0,p1008
34.46143641328572,17.21146741942277,1,p1009
44.8038213326216,58.71098890167244,0,p1010
45.92932175354646,15.307275164866846,1,p1011
25.426494144813944,81.87519457803026,0,p1012
41.997772756163386,21.264759831843367,1,p1013
51.514773994508985,68.25674772310535,0,p1014
29.364410238321906,66.61036148993624,0,p1015
42.02418050735473,87.18710097937625,0,p1016
44.47014721144161,58.36935956411728,0,p1017
40.89673090437552,65.23263839767583,0,p1018
41.31021565520053,21.21288426488509,1,p1019
41.33769347613932,70.32505583709305,0,p1020
55.32862053252371,64.34191200251394,0,p1021
42.57535334997,19.29613829012776,1,p1022
46.08724144073962,79.48946501163465,0,p1023
39.86903870487872,67.2803708283778,0,p1024
50.25954138245088,68.41956589659425,0,p1025
36.64578033508297,68.70038716335328,0,p1026
34.85785896241366,64.32823294089934,0,p1027
40.25595442769507,17.57520283507722,1,p1028
40.56911850283119,18.01405346661017,1,p1029
42.50451152243798,73.92549168457764,0,p1030
42.5297692385589,80.76625596526179,0,p1031
32.35381064729195,67.78514085213638,0,p1032
40.6093294776672,67.90694854673893,0,p1033
39.30740087846569,24.359781989963103,1,p1034
38.29090355296546,76.7486101780185,0,p1035
45.17167336621253,74.30757238809137,0,p1036
41.86988655708039,73.56107516260954,0,p1037
25.132729929831356,66.31971484823467,0,p1038
36.60245516519628,70.57311897570426,0,p1039
37.45471451450301,69.60138063395253,0,p1040
41.03136364464966,19.854042945288647,1,p1041
38.07463811993849,53.88655184685091,0,p1042
49.68990972957363,73.94736384036652,0,p1043
41.666537939026746,17.243940465541716,1,p1044
45.15790727964704,68.0307071001725,0,p1045
42.11844825667323,64.72006904986449,0,p1046
47.004076226300846,65.30565853646348,0,p1047
36.61857263821592,71.02755108389884,0,p1048
43.95856751942081,57.67466068590928,0,p1049
40.03579419649723,68.35789006637397,0,p1050
32.31299902361407,19.426916712199493,1,p1051
37.39455256750263,77.62124033792931,0,p1052
44.18180048894901,74.90820919617629,0,p1053
40.12903753145776,72.4330719375317,0,p1054
50.523788112370056,76.1415360340297,0,p1055
37.01255381562931,21.95340872547097,1,p1056
37.0154968265612,78.03911996437728,0,p1057
39.458824954712775,24.11854542402959,1,p1058
33.991495538731506,74.90216915586294,0,p1059
40.6061285123103,68.91025935225544,0,p1060
37.108723221368166,17.12854725531487,1,p1061
40.8624336474914,73.86039763228327,0,p1062
34.971149141015616,76.26447063861109,0,p1063
48.31170236095326,88.1269454941303,0,p1064
43.90828838765206,70.53203773988687,0,p1065
50.95866820464038,69.53974817248908,0,p1066
38.25725096064649,76.80099665668048,0,p1067
39.87040804805327,67.97938952755904,0,p1068
39.05983880970616,75.67565791211848,0,p1069
41.936835595310136,75.79028274325216,0,p1070
43.82968166819027,68.58465143296274,0,p1071
34.332775360548474,72.96842731124863,0,p1072
48.21187246310649,72.58749534538666,0,p1073
38.35132859227426,22.578763660939405,1,p1074
40.30556888578596,24.64706045448556,1,p1075
27.58877272255183,78.83345050499794,0,p1076
31.419640358983614,59.74937583853126,0,p1077
32.954202043042514,77.97914992790332,0,p1078
31.359557896840546,65.85275018592974,0,p1079
36.3767209067468,71.5665156614723,0,p1080
48.59368294731304,61.532512869161565,0,p1081
36.63236558126676,17.24749153695721,1,p1082
41.34434381543022,67.83618475058249,0,p1083
35.47640883109338,82.42717624826659,0,p1084
44.15489705596603,49.41727955735004,0,p1085
40.50096366053575,66.65639787264418,0,p1086
36.43176432139801,24.92801885976789,1,p1087
41.17139454978667,19.690334741202516,1,p1088
35.73341458488502,68.69120087910188,0,p1089
21.07737394900534,74.74512723671636,0,p1090
52.08874695863384,67.20254670069778,0,p1091
36.68312457050359,69.89883410385205,0,p1092
42.261554911812205,68.23352548511599,0,p1093
44.351003228992354,67.41272764769457,0,p1094
36.18932092832373,70.77645812796906,0,p1095
38.14740216733431,89.04118416612732,0,p1096
34.49807377644436,60.68136932509555,0,p1097
39.34894884872689,19.07455163463254,1,p1098
38.17989911570411,20.63385107683842,1,p1099
42.04064831635135,23.577522537433925,1,p1100
41.60351694544165,22.662966277621507,1,p1101
42.01858370790046,21.775442401224133,1,p1102
40.07616526162723,14.24098053140703,1,p1103
35.71937537905636,60.153372322062445,0,p1104
42.00105773507433,72.34119752990918,0,p1105
40.19726810158389,69.93616702349057,0,p1106
36.1344386900332,74.43052272428858,0,p1107
38.43576050271904,74.99800345864465,0,p1108
44.64016888067189,78.21431700239728,0,p1109
39.81515970128751,71.96112811173725,0,p1110
38.691898490870486,66.92188259208078,0,p1111
39.95848676171729,17.930816677807478,1,p1112
34.686071369124114,71.05275650533345,0,p1113
48.52010964577848,80.64921236345717,0,p1114
37.49457129510993,26.26861616508432,1,p1115
49.07896182592776,69.83992356390783,0,p1116
35.712938377516934,72.53052467644271,0,p1117
43.17980915213987,21.85101784873009,1,p1118
37.97446517507686,19.566443987853447,1,p1119
24.79131317790175,75.93195174005295,0,p1120
41.26028347135552,21.82055177964701,1,p1121
28.215932654453347,64.35890953452667,0,p1122
48.17447443161865,71.78094590310849,0,p1123
41.27766161857911,20.057443332247257,1,p1124
31.03786920930374,76.10720129796101,0,p1125
34.802705900113665,60.75984242145506,0,p1126
49.11218902579159,80.93057837708797,0,p1127
32.36720645790008,79.8765266582239,0,p1128
46.106244457044745,71.28339404016846,0,p1129
45.80583906828443,54.5220528369448,0,p1130
38.14704431369695,19.05178143191885,1,p1131
42.89052017992937,66.05392813037217,0,p1132
50.44881998271665,68.10213479270202,0,p1133
53.308334800271055,69.57537430329765,0,p1134
50.50531853444018,75.95155219479444,0,p1135
40.22402904346037,64.72607490757672,0,p1136
45.07567050793598,73.6132480098047,0,p1137
35.323366824498656,76.94429644675566,0,p1138
39.071563775321984,63.17829486730551,0,p1139
54.42523547417391,82.28738589710244,0,p1140
47.280149459036565,21.29887947608209,1,p1141
36.06482381395188,68.53544688378831,0,p1142
42.05070796960143,15.902132866398397,1,p1143
31.341345023853428,60.75680370841007,0,p1144
48.37600051165144,68.89029298881121,0,p1145
41.46204516503329,56.28230913284157,0,p1146
48.04491328399973,65.07776502411879,0,p1147
33.564030360363375,80.84954083512278,0,p1148
40.53775323742179,61.019054430680015,0,p1149
32.2259690817392,82.26589310396535,0,p1150
33.12943944266434,73.2347243198429,0,p1151
41.25519466266605,24.204795778839287,1,p1152
40.39909187427959,71.8801459520428,0,p1153
44.29462580911292,62.84045204361116,0,p1154
29.261200804850645,78.94373775328957,0,p1155
35.61297942787024,76.03675430667931,0,p1156
40.44996013366824,62.45578655449486,0,p1157
39.767390065488776,68.54318199909223,0,p1158
40.93078771902813,65.09915429542579,0,p1159
39.9142725900716,63.71921939959918,0,p1160
28.849043865278315,73.08332316572279,0,p1161
40.021189475884526,18.01903658157966,1,p1162
49.795488056102016,76.47243578038938,0,p1163
52.15174662215674,71.38537548423854,0,p1164
43.92643613558867,67.93163777379587,0,p1165
52.58380568794666,74.48590002886907,0,p1166
46.67195643739272,72.00986915641278,0,p1167
44.255275568015776,71.30626386209451,0,p1168
44.08197578751595,16.073538802642663,1,p1169
36.62079534472577,63.32669974218901,0,p1170
39.85042893956095,64.76951824596523,0,p1171
35.44550201614721,66.59012231364713,0,p1172
36.340938856366726,77.34306458085823,0,p1173
42.3238623139831,71.33349775845346,0,p1174
36.22168223783447,64.5518669221838,0,p1175
39.33293127329134,71.95315068039237,0,p1176
38.78849723001292,70.10905333307028,0,p1177
43.98837096162543,73.1339599201212,0,p1178
34.40038014591815,23.02254106951077,1,p1179
44.33407982703638,84.40246828798189,0,p1180
44.4663577100853,73.5059113246112,0,p1181
38.1108754529464,63.14865398952385,0,p1182
35.26154599785829,74.28173402188608,0,p1183
50.29819229245526,68.53473425993694,0,p1184
37.23442056062406,16.988127883755503,1,p1185
35.98436595183835,66.17198741131726,0,p1186
36.12445486256973,61.61485475187806,0,p1187
35.239826948950565,71.62577588012702,0,p1188
43.60524687046062,73.59650165638546,0,p1189
44.51838926798753,85.14278306313822,0,p1190
41.37091678568377,63.15139055669478,0,p1191
26.56860149290671,69.81440287185548,0,p1192
35.04115263162676,59.40399925171021,0,p1193
35.76069122184195,82.78206799482855,0,p1194
42.350171527847785,19.245383341866518,1,p1195
42.36938690423184,67.9321901290268,0,p1196
37.935352251955806,78.73419450871614,0,p1197
48.79029287901464,63.73774888446347,0,p1198
40.57707827054152,59.79713950374549,0,p1199
35.728128542649564,19.20004301229676,1,p1200
30.93722966995366,78.12578751164963,0,p1201
51.1615354425748,64.07127056177171,0,p1202
43.595200745988016,66.27109412236662,0,p1203
42.66138495704174,74.27410021698677,0,p1204
40.67897175494903,74.1660991780584,0,p1205
32.52665699432184,69.00334360485094,0,p1206
46.54974875203223,78.9008856649591,0,p1207
51.30762982628609,67.74375671552062,0,p1208
35.64145446785884,71.3622521866607,0,p1209
44.35266973552037,59.008426960766805,0,p1210
47.882351755405175,69.6402439348806,0,p1211
39.81435118525658,63.826877441405976,0,p1212
27.378022266208383,58.91104839896157,0,p1213
45.59959331359435,58.68582574094388,0,p1214
41.1189947439818,62.80627401351829,0,p1215
38.47623157740946,77.69143796391033,0,p1216
36.89702424165943,63.806381001811694,0,p1217
34.589856325234734,72.84936600987174,0,p1218
45.98700246935189,29.329755668016084,1,p1219
45.53722362930133,63.63428781643682,0,p1220
35.964427194912965,51.86270395498563,0,p1221
46.652966867302354,65.96167441036317,0,p1222
44.03589874139036,72.17875108180475,0,p1223
47.34686900723535,66.25335351907603,0,p1224
49.8195601765527,60.18704256045403,0,p1225
39.75508056652127,82.39560444944857,0,p1226
48.37642040651956,65.73151966976432,0,p1227
40.07246833890366,60.81714637354888,0,p1228
41.4039843806166,78.040461446001,0,p1229
48.84728327592617,23.73403874221036,1,p1230
27.11388038067848,61.04296123285009,0,p1231
43.0073275339281,71.45381381014178,0,p1232
38.35995974623821,19.18503466902184,1,p1233
40.2660243471774,70.84021928702784,0,p1234
33.07260304400764,76.58539831591752,0,p1235
40.227865803748266,22.22804725507917,1,p1236
39.508840019789474,58.37327346538806,0,p1237
36.88994717946722,72.64110345131397,0,p1238
41.87174619850333,72.2518846433721,0,p1239
42.151846884663705,75.71016048777508,0,p1240
51.689331530459846,72.76270070876086,0,p1241
44.95426354818833,66.06273256874013,0,p1242
31.64252495520661,71.00060166334595,0,p1243
36.457561554073465,23.34296508400661,1,p1244
44.74162205970512,16.954717424516396,1,p1245
36.097557504945165,60.41137914294646,0,p1246
36.147863923082056,65.29863642443364,0,p1247
53.20330130847371,71.22204468982287,0,p1248
39.537441409468784,61.522886601662805,0,p1249
36.74767891891125,71.40811759110987,0,p1250
49.17216122283726,79.76978667552969,0,p1251
28.912680235599936,75.32290259301008,0,p1252
40.85869221196357,81.37274920928692,0,p1253
36.252702698322544,69.36626702387088,0,p1254
37.76662245033367,64.42781900237557,0,p1255
33.198402858211,60.34267284647749,0,p1256
41.68527225641998,88.21178179926277,0,p1257
46.56798664183199,66.38768690247838,0,p1258
46.78620040368716,72.99036053310179,0,p1259
28.07632292451392,69.61116610772366,0,p1260
42.23422157293426,79.38315312216201,0,p1261
37.94611052271999,22.371876797488305,1,p1262
47.15799302406748,87.07826684437491,0,p1263
37.91705547648006,79.62994769318134,0,p1264
46.40781482391452,72.30125776761778,0,p1265
42.04998697843321,19.372058541261914,1,p1266
39.7188943454896,59.98457428517367,0,p1267
46.18176844003011,69.45513962091039,0,p1268
33.07276625818994,69.11949155930246,0,p1269
33.8706722263067,60.320401883249644,0,p1270
37.64870300324081,17.928376843051222,1,p1271
38.32509473816191,16.699537301084916,1,p1272
40.52002499311122,20.731859593725503,1,p1273
38.25916211671517,81.25141903213995,0,p1274
38.89394470994707,67.01183251036807,0,p1275
37.5086667803303,21.567542315797272,1,p1276
41.12401786734905,70.0213221410739,0,p1277
44.15170880577869,67.83317492480207,0,p1278
28.931665085775062,76.26526819853281,0,p1279
47.73868153070589,78.30921213892266,0,p1280
40.983463518529256,22.77281041861349,1,p1281
42.9620035497673,19.77214692907243,1,p1282
41.49237639766383,64.73621467782827,0,p1283
40.25767901887999,13.342098881757394,1,p1284
36.87439533553085,75.9947915602643,0,p1285
51.74390569853509,66.12488230804404,0,p1286
45.21669899139274,22.936574152345383,1,p1287
31.746721461881386,78.31375571923094,0,p1288
27.146562388276926,73.5559392883878,0,p1289
32.326074391733584,59.91964382183994,0,p1290
44.87868083157515,67.66326357170793,0,p1291
39.757017612063294,61.81925373666328,0,p1292
40.64232543574852,56.08701759779375,0,p1293
44.98130414662223,62.12750535713492,0,p1294
38.360926376936646,68.36104130135574,0,p1295
38.27979855139839,68.0909350117663,0,p1296
34.85129040187164,78.65265222647307,0,p1297
42.68845814257515,69.77113676334135,0,p1298
48.041359902604725,57.822003548553305,0,p1299
21.443211341248915,77.64054796345724,0,p1300
